scene_id,seed,band,comb_spacing,pfa,num_training_cells,num_guard_cells,range_resolution_m,max_unambiguous_range_m,range_m,density_per_km2,num_drones,prob_detection,false_alarms_per_frame,false_alarm_fraction,rmse_position_error_m,drone_id,x,y,z,vx,vy,vz,true_range_m,true_azimuth_deg,true_radial_velocity_mps,snr_db,sensing_snr_db,ber,throughput_mbps,detected,position_error_m,range_error_m,azimuth_error_deg
r50_d400_t0,0,3.5,0,5e-09,"(8, 16)","(2, 4)",1.5233356605691057,4996.5409666666665,50,400,1,1.0,19.0,0.9047619047619048,1.2395440193928329,mc_uas_0,-66.29782273549291,-84.32665124994195,13.861230648127329,-8.847880390546884,-4.258656813253303,0.0,11.00277038971373,-178.18316307271618,8.407427960534346,29.340291187954172,89.57474256964755,0.0001524390243902439,365.1205936920222,True,1.2395440193928329,1.1839148948391145,1.816836927283858
r50_d400_t0,0,3.5,0,5e-08,"(8, 16)","(2, 4)",1.5233356605691057,4996.5409666666665,50,400,1,1.0,19.0,0.9047619047619048,1.2395440193928329,mc_uas_0,-66.29782273549291,-84.32665124994195,13.861230648127329,-8.847880390546884,-4.258656813253303,0.0,11.00277038971373,-178.18316307271618,8.407427960534346,29.340291187954172,89.57474256964755,0.0001524390243902439,365.1205936920222,True,1.2395440193928329,1.1839148948391145,1.816836927283858
r50_d400_t0,0,3.5,0,5e-07,"(8, 16)","(2, 4)",1.5233356605691057,4996.5409666666665,50,400,1,1.0,19.0,0.9047619047619048,1.2395440193928329,mc_uas_0,-66.29782273549291,-84.32665124994195,13.861230648127329,-8.847880390546884,-4.258656813253303,0.0,11.00277038971373,-178.18316307271618,8.407427960534346,29.340291187954172,89.57474256964755,0.0001524390243902439,365.1205936920222,True,1.2395440193928329,1.1839148948391145,1.816836927283858
r100_d400_t0,1,3.5,0,5e-09,"(8, 16)","(2, 4)",1.5233356605691057,4996.5409666666665,100,400,5,0.0,13.0,1.0,,mc_uas_0,-146.75328080733266,-77.5551617751991,15.911339481728053,0.2193628620932205,1.2572127492620646,0.0,91.17366863029406,175.9379633016395,-0.12948219388829657,19.253458589105648,0.34227953101914016,0.00015601181402439025,365.1205936920222,False,,,
r100_d400_t0,1,3.5,0,5e-09,"(8, 16)","(2, 4)",1.5233356605691057,4996.5409666666665,100,400,5,0.0,13.0,1.0,,mc_uas_1,-107.93605704697376,-121.37549751659385,15.5926850053958,-4.280039900119251,3.643001159311972,0.0,64.23052204185332,-144.25952976498144,1.3409421704058588,18.676175069481413,3.8974640380986623,0.0001524390243902439,365.1205936920222,False,,,
r100_d400_t0,1,3.5,0,5e-09,"(8, 16)","(2, 4)",1.5233356605691057,4996.5409666666665,100,400,5,0.0,13.0,1.0,,mc_uas_2,-70.67455502175989,-92.00116353331057,17.176922571709127,-6.251144723187854,-4.857483343741923,0.0,18.189815847713938,-151.39898751544936,7.1797475508488375,15.692366023522947,35.89490343330626,0.00015630954649390244,365.1205936920222,False,,,
r100_d400_t0,1,3.5,0,5e-09,"(8, 16)","(2, 4)",1.5233356605691057,4996.5409666666665,100,400,5,0.0,13.0,1.0,,mc_uas_3,-125.295161147555,-59.887672379275216,13.003564307368709,-0.9525900078060758,-8.559824911143098,0.0,73.43190791681286,160.81386495030182,-1.9118041259950456,-0.29151136514602843,-2.1298678122892905,0.31108041158536587,0.0,False,,,
r100_d400_t0,1,3.5,0,5e-09,"(8, 16)","(2, 4)",1.5233356605691057,4996.5409666666665,100,400,5,0.0,13.0,1.0,,mc_uas_4,-107.16070775580648,-86.92836465591884,15.687717599091664,-1.409179130533591,5.850928166134772,0.0,51.55912595380268,-176.72404723600053,1.065979095068966,21.19347897933368,22.00696954838264,0.0,365.1205936920222,False,,,
r100_d400_t0,1,3.5,0,5e-08,"(8, 16)","(2, 4)",1.5233356605691057,4996.5409666666665,100,400,5,0.0,13.0,1.0,,mc_uas_0,-146.75328080733266,-77.5551617751991,15.911339481728053,0.2193628620932205,1.2572127492620646,0.0,91.17366863029406,175.9379633016395,-0.12948219388829657,19.253458589105648,0.34227953101914016,0.00015601181402439025,365.1205936920222,False,,,
r100_d400_t0,1,3.5,0,5e-08,"(8, 16)","(2, 4)",1.5233356605691057,4996.5409666666665,100,400,5,0.0,13.0,1.0,,mc_uas_1,-107.93605704697376,-121.37549751659385,15.5926850053958,-4.280039900119251,3.643001159311972,0.0,64.23052204185332,-144.25952976498144,1.3409421704058588,18.676175069481413,3.8974640380986623,0.0001524390243902439,365.1205936920222,False,,,
r100_d400_t0,1,3.5,0,5e-08,"(8, 16)","(2, 4)",1.5233356605691057,4996.5409666666665,100,400,5,0.0,13.0,1.0,,mc_uas_2,-70.67455502175989,-92.00116353331057,17.176922571709127,-6.251144723187854,-4.857483343741923,0.0,18.189815847713938,-151.39898751544936,7.1797475508488375,15.692366023522947,35.89490343330626,0.00015630954649390244,365.1205936920222,False,,,
r100_d400_t0,1,3.5,0,5e-08,"(8, 16)","(2, 4)",1.5233356605691057,4996.5409666666665,100,400,5,0.0,13.0,1.0,,mc_uas_3,-125.295161147555,-59.887672379275216,13.003564307368709,-0.9525900078060758,-8.559824911143098,0.0,73.43190791681286,160.81386495030182,-1.9118041259950456,-0.29151136514602843,-2.1298678122892905,0.31108041158536587,0.0,False,,,
r100_d400_t0,1,3.5,0,5e-08,"(8, 16)","(2, 4)",1.5233356605691057,4996.5409666666665,100,400,5,0.0,13.0,1.0,,mc_uas_4,-107.16070775580648,-86.92836465591884,15.687717599091664,-1.409179130533591,5.850928166134772,0.0,51.55912595380268,-176.72404723600053,1.065979095068966,21.19347897933368,22.00696954838264,0.0,365.1205936920222,False,,,
r100_d400_t0,1,3.5,0,5e-07,"(8, 16)","(2, 4)",1.5233356605691057,4996.5409666666665,100,400,5,0.0,13.0,1.0,,mc_uas_0,-146.75328080733266,-77.5551617751991,15.911339481728053,0.2193628620932205,1.2572127492620646,0.0,91.17366863029406,175.9379633016395,-0.12948219388829657,19.253458589105648,0.34227953101914016,0.00015601181402439025,365.1205936920222,False,,,
r100_d400_t0,1,3.5,0,5e-07,"(8, 16)","(2, 4)",1.5233356605691057,4996.5409666666665,100,400,5,0.0,13.0,1.0,,mc_uas_1,-107.93605704697376,-121.37549751659385,15.5926850053958,-4.280039900119251,3.643001159311972,0.0,64.23052204185332,-144.25952976498144,1.3409421704058588,18.676175069481413,3.8974640380986623,0.0001524390243902439,365.1205936920222,False,,,
r100_d400_t0,1,3.5,0,5e-07,"(8, 16)","(2, 4)",1.5233356605691057,4996.5409666666665,100,400,5,0.0,13.0,1.0,,mc_uas_2,-70.67455502175989,-92.00116353331057,17.176922571709127,-6.251144723187854,-4.857483343741923,0.0,18.189815847713938,-151.39898751544936,7.1797475508488375,15.692366023522947,35.89490343330626,0.00015630954649390244,365.1205936920222,False,,,
r100_d400_t0,1,3.5,0,5e-07,"(8, 16)","(2, 4)",1.5233356605691057,4996.5409666666665,100,400,5,0.0,13.0,1.0,,mc_uas_3,-125.295161147555,-59.887672379275216,13.003564307368709,-0.9525900078060758,-8.559824911143098,0.0,73.43190791681286,160.81386495030182,-1.9118041259950456,-0.29151136514602843,-2.1298678122892905,0.31108041158536587,0.0,False,,,
r100_d400_t0,1,3.5,0,5e-07,"(8, 16)","(2, 4)",1.5233356605691057,4996.5409666666665,100,400,5,0.0,13.0,1.0,,mc_uas_4,-107.16070775580648,-86.92836465591884,15.687717599091664,-1.409179130533591,5.850928166134772,0.0,51.55912595380268,-176.72404723600053,1.065979095068966,21.19347897933368,22.00696954838264,0.0,365.1205936920222,False,,,
r200_d400_t0,2,3.5,0,5e-09,"(8, 16)","(2, 4)",1.5233356605691057,4996.5409666666665,200,400,14,0.0,12.0,1.0,,mc_uas_0,-107.47701438170384,-116.09790058039013,14.05159165426036,1.1258611517098376,2.0794314448183853,0.0,60.79945416083622,-148.05487208269037,-2.0510275330434213,2.5196502107897896,-3.435244748175651,0.24438595655487805,0.0,False,,,
r200_d400_t0,2,3.5,0,5e-09,"(8, 16)","(2, 4)",1.5233356605691057,4996.5409666666665,200,400,14,0.0,12.0,1.0,,mc_uas_1,-180.5557668886994,-176.14896820578315,17.676979826868184,1.6919154895884658,5.574579559844709,0.0,155.12739095944534,-143.50518757882548,-4.669901179003814,4.834462541164605,3.528976772481225,0.1726148651867378,0.0,False,,,
r200_d400_t0,2,3.5,0,5e-09,"(8, 16)","(2, 4)",1.5233356605691057,4996.5409666666665,200,400,14,0.0,12.0,1.0,,mc_uas_2,-123.9972882705126,-137.81040925537087,16.826926528427002,5.195614264143227,-1.695678418706887,0.0,86.98159737667638,-141.6432784607102,-3.012620359803621,7.8988396663433225,4.326749560960406,0.10519692025533536,0.0,False,,,
r200_d400_t0,2,3.5,0,5e-09,"(8, 16)","(2, 4)",1.5233356605691057,4996.5409666666665,200,400,14,0.0,12.0,1.0,,mc_uas_3,-116.5138489529389,-132.41342516173998,10.892779241219191,0.2644409486990866,8.63503871585589,0.0,77.50214645907592,-141.33883735606418,-5.600543470038755,21.20164007910146,-8.350958092709245,0.0001524390243902439,365.1205936920222,False,,,
r200_d400_t0,2,3.5,0,5e-09,"(8, 16)","(2, 4)",1.5233356605691057,4996.5409666666665,200,400,14,0.0,12.0,1.0,,mc_uas_4,-166.13580278163852,-42.63495183262915,9.176256028784797,-7.391353498120794,5.413505427558301,0.0,117.65050283944815,159.41471487474482,8.822593519554795,-6.863837832470311,-3.6906194110052217,0.4120459579839939,0.0,False,,,
r200_d400_t0,2,3.5,0,5e-09,"(8, 16)","(2, 4)",1.5233356605691057,4996.5409666666665,200,400,14,0.0,12.0,1.0,,mc_uas_5,-232.32918229620043,-16.49579553540383,17.43910766427087,-2.373738548936157,4.660702124122185,0.0,188.95538751907898,159.0516255366859,3.8801559250602167,-4.877592529514355,-0.34971842260739344,0.3862456531059451,0.0,False,,,
r200_d400_t0,2,3.5,0,5e-09,"(8, 16)","(2, 4)",1.5233356605691057,4996.5409666666665,200,400,14,0.0,12.0,1.0,,mc_uas_6,-118.11080732004044,-65.90410153223819,13.884908036900939,-3.50951826534406,9.363487545594305,0.0,64.80977115958605,163.75659039866926,5.9777981894150045,-3.782681067851976,2.8970318101250303,0.36772341844512196,0.0,False,,,
r200_d400_t0,2,3.5,0,5e-09,"(8, 16)","(2, 4)",1.5233356605691057,4996.5409666666665,200,400,14,0.0,12.0,1.0,,mc_uas_7,-227.7070830590605,-17.017053910971157,10.41250209907426,-5.377806401363756,-5.043489636990162,0.0,184.31008544677795,158.68923962887618,3.177143858188488,-23.713436353935727,-11.332354817248085,0.48810975609756097,0.0,False,,,
r200_d400_t0,2,3.5,0,5e-09,"(8, 16)","(2, 4)",1.5233356605691057,4996.5409666666665,200,400,14,0.0,12.0,1.0,,mc_uas_8,-196.05017966869514,-47.93149191918501,17.51713920819536,5.469812601691013,4.188398804028601,0.0,144.81539104074884,165.55789141002396,-4.246640754773725,-10.57871903345557,3.172606325876148,0.44445979420731707,0.0,False,,,
r200_d400_t0,2,3.5,0,5e-09,"(8, 16)","(2, 4)",1.5233356605691057,4996.5409666666665,200,400,14,0.0,12.0,1.0,,mc_uas_9,-109.44296396215498,-118.28527615127423,13.179476822201348,5.366964380952419,-0.09957928332167075,0.0,63.574677590155694,-147.3186017460191,-4.457944444434987,5.131932466586293,-10.697331129114534,0.1659888290777439,0.0,False,,,
r200_d400_t0,2,3.5,0,5e-09,"(8, 16)","(2, 4)",1.5233356605691057,4996.5409666666665,200,400,14,0.0,12.0,1.0,,mc_uas_10,-126.71818163873387,-127.28083088347348,15.892536438715759,1.847731678121989,5.319674842659392,0.0,83.12047594867573,-148.53259929003676,-4.34198875227967,-2.014005381591608,-3.8370714743889196,0.3738555163871951,0.0,False,,,
r200_d400_t0,2,3.5,0,5e-09,"(8, 16)","(2, 4)",1.5233356605691057,4996.5409666666665,200,400,14,0.0,12.0,1.0,,mc_uas_11,-109.28266186071016,-69.65189669471137,11.67908996327307,-0.2531354439496285,0.4607772954178541,0.0,55.20624481457489,164.9287332923341,0.36407132142067694,-0.40741425629740363,-7.360646999212429,0.30340159346417683,0.0,False,,,
r200_d400_t0,2,3.5,0,5e-09,"(8, 16)","(2, 4)",1.5233356605691057,4996.5409666666665,200,400,14,0.0,12.0,1.0,,mc_uas_12,-95.4090170384548,-95.79667204209196,8.557047100221338,7.365728698233369,1.157774236265267,0.0,41.16204815454249,-163.33548576918483,-7.383840803844407,27.29539664399013,0.4646770701368985,0.0001524390243902439,365.1205936920222,False,,,
r200_d400_t0,2,3.5,0,5e-09,"(8, 16)","(2, 4)",1.5233356605691057,4996.5409666666665,200,400,14,0.0,12.0,1.0,,mc_uas_13,-151.16811452390112,-57.87954124321956,16.47190669433283,-0.26829025409830354,-0.4056943522476368,0.0,98.89961559055313,164.65217110642007,0.15101934363188155,-8.44864934040385,4.0617414866951105,0.428685927972561,0.0,False,,,
r200_d400_t0,2,3.5,0,5e-08,"(8, 16)","(2, 4)",1.5233356605691057,4996.5409666666665,200,400,14,0.0,12.0,1.0,,mc_uas_0,-107.47701438170384,-116.09790058039013,14.05159165426036,1.1258611517098376,2.0794314448183853,0.0,60.79945416083622,-148.05487208269037,-2.0510275330434213,2.5196502107897896,-3.435244748175651,0.24438595655487805,0.0,False,,,
r200_d400_t0,2,3.5,0,5e-08,"(8, 16)","(2, 4)",1.5233356605691057,4996.5409666666665,200,400,14,0.0,12.0,1.0,,mc_uas_1,-180.5557668886994,-176.14896820578315,17.676979826868184,1.6919154895884658,5.574579559844709,0.0,155.12739095944534,-143.50518757882548,-4.669901179003814,4.834462541164605,3.528976772481225,0.1726148651867378,0.0,False,,,
r200_d400_t0,2,3.5,0,5e-08,"(8, 16)","(2, 4)",1.5233356605691057,4996.5409666666665,200,400,14,0.0,12.0,1.0,,mc_uas_2,-123.9972882705126,-137.81040925537087,16.826926528427002,5.195614264143227,-1.695678418706887,0.0,86.98159737667638,-141.6432784607102,-3.012620359803621,7.8988396663433225,4.326749560960406,0.10519692025533536,0.0,False,,,
r200_d400_t0,2,3.5,0,5e-08,"(8, 16)","(2, 4)",1.5233356605691057,4996.5409666666665,200,400,14,0.0,12.0,1.0,,mc_uas_3,-116.5138489529389,-132.41342516173998,10.892779241219191,0.2644409486990866,8.63503871585589,0.0,77.50214645907592,-141.33883735606418,-5.600543470038755,21.20164007910146,-8.350958092709245,0.0001524390243902439,365.1205936920222,False,,,
r200_d400_t0,2,3.5,0,5e-08,"(8, 16)","(2, 4)",1.5233356605691057,4996.5409666666665,200,400,14,0.0,12.0,1.0,,mc_uas_4,-166.13580278163852,-42.63495183262915,9.176256028784797,-7.391353498120794,5.413505427558301,0.0,117.65050283944815,159.41471487474482,8.822593519554795,-6.863837832470311,-3.6906194110052217,0.4120459579839939,0.0,False,,,
r200_d400_t0,2,3.5,0,5e-08,"(8, 16)","(2, 4)",1.5233356605691057,4996.5409666666665,200,400,14,0.0,12.0,1.0,,mc_uas_5,-232.32918229620043,-16.49579553540383,17.43910766427087,-2.373738548936157,4.660702124122185,0.0,188.95538751907898,159.0516255366859,3.8801559250602167,-4.877592529514355,-0.34971842260739344,0.3862456531059451,0.0,False,,,
r200_d400_t0,2,3.5,0,5e-08,"(8, 16)","(2, 4)",1.5233356605691057,4996.5409666666665,200,400,14,0.0,12.0,1.0,,mc_uas_6,-118.11080732004044,-65.90410153223819,13.884908036900939,-3.50951826534406,9.363487545594305,0.0,64.80977115958605,163.75659039866926,5.9777981894150045,-3.782681067851976,2.8970318101250303,0.36772341844512196,0.0,False,,,
r200_d400_t0,2,3.5,0,5e-08,"(8, 16)","(2, 4)",1.5233356605691057,4996.5409666666665,200,400,14,0.0,12.0,1.0,,mc_uas_7,-227.7070830590605,-17.017053910971157,10.41250209907426,-5.377806401363756,-5.043489636990162,0.0,184.31008544677795,158.68923962887618,3.177143858188488,-23.713436353935727,-11.332354817248085,0.48810975609756097,0.0,False,,,
r200_d400_t0,2,3.5,0,5e-08,"(8, 16)","(2, 4)",1.5233356605691057,4996.5409666666665,200,400,14,0.0,12.0,1.0,,mc_uas_8,-196.05017966869514,-47.93149191918501,17.51713920819536,5.469812601691013,4.188398804028601,0.0,144.81539104074884,165.55789141002396,-4.246640754773725,-10.57871903345557,3.172606325876148,0.44445979420731707,0.0,False,,,
r200_d400_t0,2,3.5,0,5e-08,"(8, 16)","(2, 4)",1.5233356605691057,4996.5409666666665,200,400,14,0.0,12.0,1.0,,mc_uas_9,-109.44296396215498,-118.28527615127423,13.179476822201348,5.366964380952419,-0.09957928332167075,0.0,63.574677590155694,-147.3186017460191,-4.457944444434987,5.131932466586293,-10.697331129114534,0.1659888290777439,0.0,False,,,
r200_d400_t0,2,3.5,0,5e-08,"(8, 16)","(2, 4)",1.5233356605691057,4996.5409666666665,200,400,14,0.0,12.0,1.0,,mc_uas_10,-126.71818163873387,-127.28083088347348,15.892536438715759,1.847731678121989,5.319674842659392,0.0,83.12047594867573,-148.53259929003676,-4.34198875227967,-2.014005381591608,-3.8370714743889196,0.3738555163871951,0.0,False,,,
r200_d400_t0,2,3.5,0,5e-08,"(8, 16)","(2, 4)",1.5233356605691057,4996.5409666666665,200,400,14,0.0,12.0,1.0,,mc_uas_11,-109.28266186071016,-69.65189669471137,11.67908996327307,-0.2531354439496285,0.4607772954178541,0.0,55.20624481457489,164.9287332923341,0.36407132142067694,-0.40741425629740363,-7.360646999212429,0.30340159346417683,0.0,False,,,
r200_d400_t0,2,3.5,0,5e-08,"(8, 16)","(2, 4)",1.5233356605691057,4996.5409666666665,200,400,14,0.0,12.0,1.0,,mc_uas_12,-95.4090170384548,-95.79667204209196,8.557047100221338,7.365728698233369,1.157774236265267,0.0,41.16204815454249,-163.33548576918483,-7.383840803844407,27.29539664399013,0.4646770701368985,0.0001524390243902439,365.1205936920222,False,,,
r200_d400_t0,2,3.5,0,5e-08,"(8, 16)","(2, 4)",1.5233356605691057,4996.5409666666665,200,400,14,0.0,12.0,1.0,,mc_uas_13,-151.16811452390112,-57.87954124321956,16.47190669433283,-0.26829025409830354,-0.4056943522476368,0.0,98.89961559055313,164.65217110642007,0.15101934363188155,-8.44864934040385,4.0617414866951105,0.428685927972561,0.0,False,,,
r200_d400_t0,2,3.5,0,5e-07,"(8, 16)","(2, 4)",1.5233356605691057,4996.5409666666665,200,400,14,0.0,12.0,1.0,,mc_uas_0,-107.47701438170384,-116.09790058039013,14.05159165426036,1.1258611517098376,2.0794314448183853,0.0,60.79945416083622,-148.05487208269037,-2.0510275330434213,2.5196502107897896,-3.435244748175651,0.24438595655487805,0.0,False,,,
r200_d400_t0,2,3.5,0,5e-07,"(8, 16)","(2, 4)",1.5233356605691057,4996.5409666666665,200,400,14,0.0,12.0,1.0,,mc_uas_1,-180.5557668886994,-176.14896820578315,17.676979826868184,1.6919154895884658,5.574579559844709,0.0,155.12739095944534,-143.50518757882548,-4.669901179003814,4.834462541164605,3.528976772481225,0.1726148651867378,0.0,False,,,
r200_d400_t0,2,3.5,0,5e-07,"(8, 16)","(2, 4)",1.5233356605691057,4996.5409666666665,200,400,14,0.0,12.0,1.0,,mc_uas_2,-123.9972882705126,-137.81040925537087,16.826926528427002,5.195614264143227,-1.695678418706887,0.0,86.98159737667638,-141.6432784607102,-3.012620359803621,7.8988396663433225,4.326749560960406,0.10519692025533536,0.0,False,,,
r200_d400_t0,2,3.5,0,5e-07,"(8, 16)","(2, 4)",1.5233356605691057,4996.5409666666665,200,400,14,0.0,12.0,1.0,,mc_uas_3,-116.5138489529389,-132.41342516173998,10.892779241219191,0.2644409486990866,8.63503871585589,0.0,77.50214645907592,-141.33883735606418,-5.600543470038755,21.20164007910146,-8.350958092709245,0.0001524390243902439,365.1205936920222,False,,,
r200_d400_t0,2,3.5,0,5e-07,"(8, 16)","(2, 4)",1.5233356605691057,4996.5409666666665,200,400,14,0.0,12.0,1.0,,mc_uas_4,-166.13580278163852,-42.63495183262915,9.176256028784797,-7.391353498120794,5.413505427558301,0.0,117.65050283944815,159.41471487474482,8.822593519554795,-6.863837832470311,-3.6906194110052217,0.4120459579839939,0.0,False,,,
r200_d400_t0,2,3.5,0,5e-07,"(8, 16)","(2, 4)",1.5233356605691057,4996.5409666666665,200,400,14,0.0,12.0,1.0,,mc_uas_5,-232.32918229620043,-16.49579553540383,17.43910766427087,-2.373738548936157,4.660702124122185,0.0,188.95538751907898,159.0516255366859,3.8801559250602167,-4.877592529514355,-0.34971842260739344,0.3862456531059451,0.0,False,,,
r200_d400_t0,2,3.5,0,5e-07,"(8, 16)","(2, 4)",1.5233356605691057,4996.5409666666665,200,400,14,0.0,12.0,1.0,,mc_uas_6,-118.11080732004044,-65.90410153223819,13.884908036900939,-3.50951826534406,9.363487545594305,0.0,64.80977115958605,163.75659039866926,5.9777981894150045,-3.782681067851976,2.8970318101250303,0.36772341844512196,0.0,False,,,
r200_d400_t0,2,3.5,0,5e-07,"(8, 16)","(2, 4)",1.5233356605691057,4996.5409666666665,200,400,14,0.0,12.0,1.0,,mc_uas_7,-227.7070830590605,-17.017053910971157,10.41250209907426,-5.377806401363756,-5.043489636990162,0.0,184.31008544677795,158.68923962887618,3.177143858188488,-23.713436353935727,-11.332354817248085,0.48810975609756097,0.0,False,,,
r200_d400_t0,2,3.5,0,5e-07,"(8, 16)","(2, 4)",1.5233356605691057,4996.5409666666665,200,400,14,0.0,12.0,1.0,,mc_uas_8,-196.05017966869514,-47.93149191918501,17.51713920819536,5.469812601691013,4.188398804028601,0.0,144.81539104074884,165.55789141002396,-4.246640754773725,-10.57871903345557,3.172606325876148,0.44445979420731707,0.0,False,,,
r200_d400_t0,2,3.5,0,5e-07,"(8, 16)","(2, 4)",1.5233356605691057,4996.5409666666665,200,400,14,0.0,12.0,1.0,,mc_uas_9,-109.44296396215498,-118.28527615127423,13.179476822201348,5.366964380952419,-0.09957928332167075,0.0,63.574677590155694,-147.3186017460191,-4.457944444434987,5.131932466586293,-10.697331129114534,0.1659888290777439,0.0,False,,,
r200_d400_t0,2,3.5,0,5e-07,"(8, 16)","(2, 4)",1.5233356605691057,4996.5409666666665,200,400,14,0.0,12.0,1.0,,mc_uas_10,-126.71818163873387,-127.28083088347348,15.892536438715759,1.847731678121989,5.319674842659392,0.0,83.12047594867573,-148.53259929003676,-4.34198875227967,-2.014005381591608,-3.8370714743889196,0.3738555163871951,0.0,False,,,
r200_d400_t0,2,3.5,0,5e-07,"(8, 16)","(2, 4)",1.5233356605691057,4996.5409666666665,200,400,14,0.0,12.0,1.0,,mc_uas_11,-109.28266186071016,-69.65189669471137,11.67908996327307,-0.2531354439496285,0.4607772954178541,0.0,55.20624481457489,164.9287332923341,0.36407132142067694,-0.40741425629740363,-7.360646999212429,0.30340159346417683,0.0,False,,,
r200_d400_t0,2,3.5,0,5e-07,"(8, 16)","(2, 4)",1.5233356605691057,4996.5409666666665,200,400,14,0.0,12.0,1.0,,mc_uas_12,-95.4090170384548,-95.79667204209196,8.557047100221338,7.365728698233369,1.157774236265267,0.0,41.16204815454249,-163.33548576918483,-7.383840803844407,27.29539664399013,0.4646770701368985,0.0001524390243902439,365.1205936920222,False,,,
r200_d400_t0,2,3.5,0,5e-07,"(8, 16)","(2, 4)",1.5233356605691057,4996.5409666666665,200,400,14,0.0,12.0,1.0,,mc_uas_13,-151.16811452390112,-57.87954124321956,16.47190669433283,-0.26829025409830354,-0.4056943522476368,0.0,98.89961559055313,164.65217110642007,0.15101934363188155,-8.44864934040385,4.0617414866951105,0.428685927972561,0.0,False,,,
r50_d400_t0,0,3.5,2,5e-09,"(8, 16)","(2, 4)",1.5233356605691057,2498.2704833333332,50,400,1,1.0,19.0,0.9047619047619048,1.2395440193928329,mc_uas_0,-66.29782273549291,-84.32665124994195,13.861230648127329,-8.847880390546884,-4.258656813253303,0.0,11.00277038971373,-178.18316307271618,8.407427960534346,89.0632241432209,86.45534477840827,0.0,182.5602968460111,True,1.2395440193928329,1.1839148948391145,1.816836927283858
r50_d400_t0,0,3.5,2,5e-08,"(8, 16)","(2, 4)",1.5233356605691057,2498.2704833333332,50,400,1,1.0,19.0,0.9047619047619048,1.2395440193928329,mc_uas_0,-66.29782273549291,-84.32665124994195,13.861230648127329,-8.847880390546884,-4.258656813253303,0.0,11.00277038971373,-178.18316307271618,8.407427960534346,89.0632241432209,86.45534477840827,0.0,182.5602968460111,True,1.2395440193928329,1.1839148948391145,1.816836927283858
r50_d400_t0,0,3.5,2,5e-07,"(8, 16)","(2, 4)",1.5233356605691057,2498.2704833333332,50,400,1,1.0,19.0,0.9047619047619048,1.2395440193928329,mc_uas_0,-66.29782273549291,-84.32665124994195,13.861230648127329,-8.847880390546884,-4.258656813253303,0.0,11.00277038971373,-178.18316307271618,8.407427960534346,89.0632241432209,86.45534477840827,0.0,182.5602968460111,True,1.2395440193928329,1.1839148948391145,1.816836927283858
r100_d400_t0,1,3.5,2,5e-09,"(8, 16)","(2, 4)",1.5233356605691057,2498.2704833333332,100,400,5,0.2,21.0,0.9130434782608695,3.18315779109138,mc_uas_0,-146.75328080733266,-77.5551617751991,15.911339481728053,0.2193628620932205,1.2572127492620646,0.0,91.17366863029406,175.9379633016395,-0.12948219388829657,20.386511695036976,-0.02654393209590821,0.0,182.5602968460111,False,,,
r100_d400_t0,1,3.5,2,5e-09,"(8, 16)","(2, 4)",1.5233356605691057,2498.2704833333332,100,400,5,0.2,21.0,0.9130434782608695,3.18315779109138,mc_uas_1,-107.93605704697376,-121.37549751659385,15.5926850053958,-4.280039900119251,3.643001159311972,0.0,64.23052204185332,-144.25952976498144,1.3409421704058588,19.430521782007055,73.70817025310456,0.0,182.5602968460111,False,,,
r100_d400_t0,1,3.5,2,5e-09,"(8, 16)","(2, 4)",1.5233356605691057,2498.2704833333332,100,400,5,0.2,21.0,0.9130434782608695,3.18315779109138,mc_uas_2,-70.67455502175989,-92.00116353331057,17.176922571709127,-6.251144723187854,-4.857483343741923,0.0,18.189815847713938,-151.39898751544936,7.1797475508488375,15.89820611796636,89.1450181969978,0.0,182.5602968460111,False,,,
r100_d400_t0,1,3.5,2,5e-09,"(8, 16)","(2, 4)",1.5233356605691057,2498.2704833333332,100,400,5,0.2,21.0,0.9130434782608695,3.18315779109138,mc_uas_3,-125.295161147555,-59.887672379275216,13.003564307368709,-0.9525900078060758,-8.559824911143098,0.0,73.43190791681286,160.81386495030182,-1.9118041259950456,-0.2789133218860371,49.42256839669308,0.3111697313262195,0.0,False,,,
r100_d400_t0,1,3.5,2,5e-09,"(8, 16)","(2, 4)",1.5233356605691057,2498.2704833333332,100,400,5,0.2,21.0,0.9130434782608695,3.18315779109138,mc_uas_4,-107.16070775580648,-86.92836465591884,15.687717599091664,-1.409179130533591,5.850928166134772,0.0,51.55912595380268,-176.72404723600053,1.065979095068966,21.47475959659861,95.86210921000125,0.0,182.5602968460111,True,3.18315779109138,1.289049155022191,3.2759527639994492
r100_d400_t0,1,3.5,2,5e-08,"(8, 16)","(2, 4)",1.5233356605691057,2498.2704833333332,100,400,5,0.2,22.0,0.9166666666666666,3.18315779109138,mc_uas_0,-146.75328080733266,-77.5551617751991,15.911339481728053,0.2193628620932205,1.2572127492620646,0.0,91.17366863029406,175.9379633016395,-0.12948219388829657,20.386511695036976,-0.02654393209590821,0.0,182.5602968460111,False,,,
r100_d400_t0,1,3.5,2,5e-08,"(8, 16)","(2, 4)",1.5233356605691057,2498.2704833333332,100,400,5,0.2,22.0,0.9166666666666666,3.18315779109138,mc_uas_1,-107.93605704697376,-121.37549751659385,15.5926850053958,-4.280039900119251,3.643001159311972,0.0,64.23052204185332,-144.25952976498144,1.3409421704058588,19.430521782007055,73.70817025310456,0.0,182.5602968460111,False,,,
r100_d400_t0,1,3.5,2,5e-08,"(8, 16)","(2, 4)",1.5233356605691057,2498.2704833333332,100,400,5,0.2,22.0,0.9166666666666666,3.18315779109138,mc_uas_2,-70.67455502175989,-92.00116353331057,17.176922571709127,-6.251144723187854,-4.857483343741923,0.0,18.189815847713938,-151.39898751544936,7.1797475508488375,15.89820611796636,89.1450181969978,0.0,182.5602968460111,False,,,
r100_d400_t0,1,3.5,2,5e-08,"(8, 16)","(2, 4)",1.5233356605691057,2498.2704833333332,100,400,5,0.2,22.0,0.9166666666666666,3.18315779109138,mc_uas_3,-125.295161147555,-59.887672379275216,13.003564307368709,-0.9525900078060758,-8.559824911143098,0.0,73.43190791681286,160.81386495030182,-1.9118041259950456,-0.2789133218860371,49.42256839669308,0.3111697313262195,0.0,False,,,
r100_d400_t0,1,3.5,2,5e-08,"(8, 16)","(2, 4)",1.5233356605691057,2498.2704833333332,100,400,5,0.2,22.0,0.9166666666666666,3.18315779109138,mc_uas_4,-107.16070775580648,-86.92836465591884,15.687717599091664,-1.409179130533591,5.850928166134772,0.0,51.55912595380268,-176.72404723600053,1.065979095068966,21.47475959659861,95.86210921000125,0.0,182.5602968460111,True,3.18315779109138,1.289049155022191,3.2759527639994492
r100_d400_t0,1,3.5,2,5e-07,"(8, 16)","(2, 4)",1.5233356605691057,2498.2704833333332,100,400,5,0.2,26.0,0.9285714285714286,3.18315779109138,mc_uas_0,-146.75328080733266,-77.5551617751991,15.911339481728053,0.2193628620932205,1.2572127492620646,0.0,91.17366863029406,175.9379633016395,-0.12948219388829657,20.386511695036976,-0.02654393209590821,0.0,182.5602968460111,False,,,
r100_d400_t0,1,3.5,2,5e-07,"(8, 16)","(2, 4)",1.5233356605691057,2498.2704833333332,100,400,5,0.2,26.0,0.9285714285714286,3.18315779109138,mc_uas_1,-107.93605704697376,-121.37549751659385,15.5926850053958,-4.280039900119251,3.643001159311972,0.0,64.23052204185332,-144.25952976498144,1.3409421704058588,19.430521782007055,73.70817025310456,0.0,182.5602968460111,False,,,
r100_d400_t0,1,3.5,2,5e-07,"(8, 16)","(2, 4)",1.5233356605691057,2498.2704833333332,100,400,5,0.2,26.0,0.9285714285714286,3.18315779109138,mc_uas_2,-70.67455502175989,-92.00116353331057,17.176922571709127,-6.251144723187854,-4.857483343741923,0.0,18.189815847713938,-151.39898751544936,7.1797475508488375,15.89820611796636,89.1450181969978,0.0,182.5602968460111,False,,,
r100_d400_t0,1,3.5,2,5e-07,"(8, 16)","(2, 4)",1.5233356605691057,2498.2704833333332,100,400,5,0.2,26.0,0.9285714285714286,3.18315779109138,mc_uas_3,-125.295161147555,-59.887672379275216,13.003564307368709,-0.9525900078060758,-8.559824911143098,0.0,73.43190791681286,160.81386495030182,-1.9118041259950456,-0.2789133218860371,49.42256839669308,0.3111697313262195,0.0,False,,,
r100_d400_t0,1,3.5,2,5e-07,"(8, 16)","(2, 4)",1.5233356605691057,2498.2704833333332,100,400,5,0.2,26.0,0.9285714285714286,3.18315779109138,mc_uas_4,-107.16070775580648,-86.92836465591884,15.687717599091664,-1.409179130533591,5.850928166134772,0.0,51.55912595380268,-176.72404723600053,1.065979095068966,21.47475959659861,95.86210921000125,0.0,182.5602968460111,True,3.18315779109138,1.289049155022191,3.2759527639994492
r200_d400_t0,2,3.5,2,5e-09,"(8, 16)","(2, 4)",1.5233356605691057,2498.2704833333332,200,400,14,0.0,12.0,1.0,,mc_uas_0,-107.47701438170384,-116.09790058039013,14.05159165426036,1.1258611517098376,2.0794314448183853,0.0,60.79945416083622,-148.05487208269037,-2.0510275330434213,2.8064840951378405,-inf,0.23917147008384146,0.0,False,,,
r200_d400_t0,2,3.5,2,5e-09,"(8, 16)","(2, 4)",1.5233356605691057,2498.2704833333332,200,400,14,0.0,12.0,1.0,,mc_uas_1,-180.5557668886994,-176.14896820578315,17.676979826868184,1.6919154895884658,5.574579559844709,0.0,155.12739095944534,-143.50518757882548,-4.669901179003814,5.0070638068180795,4.418667432489255,0.16902391387195123,0.0,False,,,
r200_d400_t0,2,3.5,2,5e-09,"(8, 16)","(2, 4)",1.5233356605691057,2498.2704833333332,200,400,14,0.0,12.0,1.0,,mc_uas_2,-123.9972882705126,-137.81040925537087,16.826926528427002,5.195614264143227,-1.695678418706887,0.0,86.98159737667638,-141.6432784607102,-3.012620359803621,8.011539268795271,0.8048682514000544,0.10424923780487805,0.0,False,,,
r200_d400_t0,2,3.5,2,5e-09,"(8, 16)","(2, 4)",1.5233356605691057,2498.2704833333332,200,400,14,0.0,12.0,1.0,,mc_uas_3,-116.5138489529389,-132.41342516173998,10.892779241219191,0.2644409486990866,8.63503871585589,0.0,77.50214645907592,-141.33883735606418,-5.600543470038755,22.913228607857814,4.643529958417282,0.0,182.5602968460111,False,,,
r200_d400_t0,2,3.5,2,5e-09,"(8, 16)","(2, 4)",1.5233356605691057,2498.2704833333332,200,400,14,0.0,12.0,1.0,,mc_uas_4,-166.13580278163852,-42.63495183262915,9.176256028784797,-7.391353498120794,5.413505427558301,0.0,117.65050283944815,159.41471487474482,8.822593519554795,-5.6384664685025285,4.3558509346221905,0.3960514719893293,0.0,False,,,
r200_d400_t0,2,3.5,2,5e-09,"(8, 16)","(2, 4)",1.5233356605691057,2498.2704833333332,200,400,14,0.0,12.0,1.0,,mc_uas_5,-232.32918229620043,-16.49579553540383,17.43910766427087,-2.373738548936157,4.660702124122185,0.0,188.95538751907898,159.0516255366859,3.8801559250602167,-4.921592518280082,-0.20838710957510348,0.3856868092606707,0.0,False,,,
r200_d400_t0,2,3.5,2,5e-09,"(8, 16)","(2, 4)",1.5233356605691057,2498.2704833333332,200,400,14,0.0,12.0,1.0,,mc_uas_6,-118.11080732004044,-65.90410153223819,13.884908036900939,-3.50951826534406,9.363487545594305,0.0,64.80977115958605,163.75659039866926,5.9777981894150045,-3.7083374760138406,-inf,0.36585306307164633,0.0,False,,,
r200_d400_t0,2,3.5,2,5e-09,"(8, 16)","(2, 4)",1.5233356605691057,2498.2704833333332,200,400,14,0.0,12.0,1.0,,mc_uas_7,-227.7070830590605,-17.017053910971157,10.41250209907426,-5.377806401363756,-5.043489636990162,0.0,184.31008544677795,158.68923962887618,3.177143858188488,-22.93520363396204,5.0967671747840315,0.48646865472560974,0.0,False,,,
r200_d400_t0,2,3.5,2,5e-09,"(8, 16)","(2, 4)",1.5233356605691057,2498.2704833333332,200,400,14,0.0,12.0,1.0,,mc_uas_8,-196.05017966869514,-47.93149191918501,17.51713920819536,5.469812601691013,4.188398804028601,0.0,144.81539104074884,165.55789141002396,-4.246640754773725,-10.4055679615489,-9.19114750769179,0.4432176543445122,0.0,False,,,
r200_d400_t0,2,3.5,2,5e-09,"(8, 16)","(2, 4)",1.5233356605691057,2498.2704833333332,200,400,14,0.0,12.0,1.0,,mc_uas_9,-109.44296396215498,-118.28527615127423,13.179476822201348,5.366964380952419,-0.09957928332167075,0.0,63.574677590155694,-147.3186017460191,-4.457944444434987,5.5735527418206265,5.990344417480918,0.15639529344512196,0.0,False,,,
r200_d400_t0,2,3.5,2,5e-09,"(8, 16)","(2, 4)",1.5233356605691057,2498.2704833333332,200,400,14,0.0,12.0,1.0,,mc_uas_10,-126.71818163873387,-127.28083088347348,15.892536438715759,1.847731678121989,5.319674842659392,0.0,83.12047594867573,-148.53259929003676,-4.34198875227967,-1.9492628999821202,-14.110178099680684,0.3769102515243902,0.0,False,,,
r200_d400_t0,2,3.5,2,5e-09,"(8, 16)","(2, 4)",1.5233356605691057,2498.2704833333332,200,400,14,0.0,12.0,1.0,,mc_uas_11,-109.28266186071016,-69.65189669471137,11.67908996327307,-0.2531354439496285,0.4607772954178541,0.0,55.20624481457489,164.9287332923341,0.36407132142067694,5.226612199636151,5.887964888712551,0.1634152296112805,0.0,False,,,
r200_d400_t0,2,3.5,2,5e-09,"(8, 16)","(2, 4)",1.5233356605691057,2498.2704833333332,200,400,14,0.0,12.0,1.0,,mc_uas_12,-95.4090170384548,-95.79667204209196,8.557047100221338,7.365728698233369,1.157774236265267,0.0,41.16204815454249,-163.33548576918483,-7.383840803844407,35.356425203675656,4.566804491671483,0.0,182.5602968460111,False,,,
r200_d400_t0,2,3.5,2,5e-09,"(8, 16)","(2, 4)",1.5233356605691057,2498.2704833333332,200,400,14,0.0,12.0,1.0,,mc_uas_13,-151.16811452390112,-57.87954124321956,16.47190669433283,-0.26829025409830354,-0.4056943522476368,0.0,98.89961559055313,164.65217110642007,0.15101934363188155,-8.30761767055048,-inf,0.42533226943597563,0.0,False,,,
r200_d400_t0,2,3.5,2,5e-08,"(8, 16)","(2, 4)",1.5233356605691057,2498.2704833333332,200,400,14,0.0,12.0,1.0,,mc_uas_0,-107.47701438170384,-116.09790058039013,14.05159165426036,1.1258611517098376,2.0794314448183853,0.0,60.79945416083622,-148.05487208269037,-2.0510275330434213,2.8064840951378405,-inf,0.23917147008384146,0.0,False,,,
r200_d400_t0,2,3.5,2,5e-08,"(8, 16)","(2, 4)",1.5233356605691057,2498.2704833333332,200,400,14,0.0,12.0,1.0,,mc_uas_1,-180.5557668886994,-176.14896820578315,17.676979826868184,1.6919154895884658,5.574579559844709,0.0,155.12739095944534,-143.50518757882548,-4.669901179003814,5.0070638068180795,4.418667432489255,0.16902391387195123,0.0,False,,,
r200_d400_t0,2,3.5,2,5e-08,"(8, 16)","(2, 4)",1.5233356605691057,2498.2704833333332,200,400,14,0.0,12.0,1.0,,mc_uas_2,-123.9972882705126,-137.81040925537087,16.826926528427002,5.195614264143227,-1.695678418706887,0.0,86.98159737667638,-141.6432784607102,-3.012620359803621,8.011539268795271,0.8048682514000544,0.10424923780487805,0.0,False,,,
r200_d400_t0,2,3.5,2,5e-08,"(8, 16)","(2, 4)",1.5233356605691057,2498.2704833333332,200,400,14,0.0,12.0,1.0,,mc_uas_3,-116.5138489529389,-132.41342516173998,10.892779241219191,0.2644409486990866,8.63503871585589,0.0,77.50214645907592,-141.33883735606418,-5.600543470038755,22.913228607857814,4.643529958417282,0.0,182.5602968460111,False,,,
r200_d400_t0,2,3.5,2,5e-08,"(8, 16)","(2, 4)",1.5233356605691057,2498.2704833333332,200,400,14,0.0,12.0,1.0,,mc_uas_4,-166.13580278163852,-42.63495183262915,9.176256028784797,-7.391353498120794,5.413505427558301,0.0,117.65050283944815,159.41471487474482,8.822593519554795,-5.6384664685025285,4.3558509346221905,0.3960514719893293,0.0,False,,,
r200_d400_t0,2,3.5,2,5e-08,"(8, 16)","(2, 4)",1.5233356605691057,2498.2704833333332,200,400,14,0.0,12.0,1.0,,mc_uas_5,-232.32918229620043,-16.49579553540383,17.43910766427087,-2.373738548936157,4.660702124122185,0.0,188.95538751907898,159.0516255366859,3.8801559250602167,-4.921592518280082,-0.20838710957510348,0.3856868092606707,0.0,False,,,
r200_d400_t0,2,3.5,2,5e-08,"(8, 16)","(2, 4)",1.5233356605691057,2498.2704833333332,200,400,14,0.0,12.0,1.0,,mc_uas_6,-118.11080732004044,-65.90410153223819,13.884908036900939,-3.50951826534406,9.363487545594305,0.0,64.80977115958605,163.75659039866926,5.9777981894150045,-3.7083374760138406,-inf,0.36585306307164633,0.0,False,,,
r200_d400_t0,2,3.5,2,5e-08,"(8, 16)","(2, 4)",1.5233356605691057,2498.2704833333332,200,400,14,0.0,12.0,1.0,,mc_uas_7,-227.7070830590605,-17.017053910971157,10.41250209907426,-5.377806401363756,-5.043489636990162,0.0,184.31008544677795,158.68923962887618,3.177143858188488,-22.93520363396204,5.0967671747840315,0.48646865472560974,0.0,False,,,
r200_d400_t0,2,3.5,2,5e-08,"(8, 16)","(2, 4)",1.5233356605691057,2498.2704833333332,200,400,14,0.0,12.0,1.0,,mc_uas_8,-196.05017966869514,-47.93149191918501,17.51713920819536,5.469812601691013,4.188398804028601,0.0,144.81539104074884,165.55789141002396,-4.246640754773725,-10.4055679615489,-9.19114750769179,0.4432176543445122,0.0,False,,,
r200_d400_t0,2,3.5,2,5e-08,"(8, 16)","(2, 4)",1.5233356605691057,2498.2704833333332,200,400,14,0.0,12.0,1.0,,mc_uas_9,-109.44296396215498,-118.28527615127423,13.179476822201348,5.366964380952419,-0.09957928332167075,0.0,63.574677590155694,-147.3186017460191,-4.457944444434987,5.5735527418206265,5.990344417480918,0.15639529344512196,0.0,False,,,
r200_d400_t0,2,3.5,2,5e-08,"(8, 16)","(2, 4)",1.5233356605691057,2498.2704833333332,200,400,14,0.0,12.0,1.0,,mc_uas_10,-126.71818163873387,-127.28083088347348,15.892536438715759,1.847731678121989,5.319674842659392,0.0,83.12047594867573,-148.53259929003676,-4.34198875227967,-1.9492628999821202,-14.110178099680684,0.3769102515243902,0.0,False,,,
r200_d400_t0,2,3.5,2,5e-08,"(8, 16)","(2, 4)",1.5233356605691057,2498.2704833333332,200,400,14,0.0,12.0,1.0,,mc_uas_11,-109.28266186071016,-69.65189669471137,11.67908996327307,-0.2531354439496285,0.4607772954178541,0.0,55.20624481457489,164.9287332923341,0.36407132142067694,5.226612199636151,5.887964888712551,0.1634152296112805,0.0,False,,,
r200_d400_t0,2,3.5,2,5e-08,"(8, 16)","(2, 4)",1.5233356605691057,2498.2704833333332,200,400,14,0.0,12.0,1.0,,mc_uas_12,-95.4090170384548,-95.79667204209196,8.557047100221338,7.365728698233369,1.157774236265267,0.0,41.16204815454249,-163.33548576918483,-7.383840803844407,35.356425203675656,4.566804491671483,0.0,182.5602968460111,False,,,
r200_d400_t0,2,3.5,2,5e-08,"(8, 16)","(2, 4)",1.5233356605691057,2498.2704833333332,200,400,14,0.0,12.0,1.0,,mc_uas_13,-151.16811452390112,-57.87954124321956,16.47190669433283,-0.26829025409830354,-0.4056943522476368,0.0,98.89961559055313,164.65217110642007,0.15101934363188155,-8.30761767055048,-inf,0.42533226943597563,0.0,False,,,
r200_d400_t0,2,3.5,2,5e-07,"(8, 16)","(2, 4)",1.5233356605691057,2498.2704833333332,200,400,14,0.0,14.0,1.0,,mc_uas_0,-107.47701438170384,-116.09790058039013,14.05159165426036,1.1258611517098376,2.0794314448183853,0.0,60.79945416083622,-148.05487208269037,-2.0510275330434213,2.8064840951378405,-inf,0.23917147008384146,0.0,False,,,
r200_d400_t0,2,3.5,2,5e-07,"(8, 16)","(2, 4)",1.5233356605691057,2498.2704833333332,200,400,14,0.0,14.0,1.0,,mc_uas_1,-180.5557668886994,-176.14896820578315,17.676979826868184,1.6919154895884658,5.574579559844709,0.0,155.12739095944534,-143.50518757882548,-4.669901179003814,5.0070638068180795,4.418667432489255,0.16902391387195123,0.0,False,,,
r200_d400_t0,2,3.5,2,5e-07,"(8, 16)","(2, 4)",1.5233356605691057,2498.2704833333332,200,400,14,0.0,14.0,1.0,,mc_uas_2,-123.9972882705126,-137.81040925537087,16.826926528427002,5.195614264143227,-1.695678418706887,0.0,86.98159737667638,-141.6432784607102,-3.012620359803621,8.011539268795271,0.8048682514000544,0.10424923780487805,0.0,False,,,
r200_d400_t0,2,3.5,2,5e-07,"(8, 16)","(2, 4)",1.5233356605691057,2498.2704833333332,200,400,14,0.0,14.0,1.0,,mc_uas_3,-116.5138489529389,-132.41342516173998,10.892779241219191,0.2644409486990866,8.63503871585589,0.0,77.50214645907592,-141.33883735606418,-5.600543470038755,22.913228607857814,4.643529958417282,0.0,182.5602968460111,False,,,
r200_d400_t0,2,3.5,2,5e-07,"(8, 16)","(2, 4)",1.5233356605691057,2498.2704833333332,200,400,14,0.0,14.0,1.0,,mc_uas_4,-166.13580278163852,-42.63495183262915,9.176256028784797,-7.391353498120794,5.413505427558301,0.0,117.65050283944815,159.41471487474482,8.822593519554795,-5.6384664685025285,4.3558509346221905,0.3960514719893293,0.0,False,,,
r200_d400_t0,2,3.5,2,5e-07,"(8, 16)","(2, 4)",1.5233356605691057,2498.2704833333332,200,400,14,0.0,14.0,1.0,,mc_uas_5,-232.32918229620043,-16.49579553540383,17.43910766427087,-2.373738548936157,4.660702124122185,0.0,188.95538751907898,159.0516255366859,3.8801559250602167,-4.921592518280082,-0.20838710957510348,0.3856868092606707,0.0,False,,,
r200_d400_t0,2,3.5,2,5e-07,"(8, 16)","(2, 4)",1.5233356605691057,2498.2704833333332,200,400,14,0.0,14.0,1.0,,mc_uas_6,-118.11080732004044,-65.90410153223819,13.884908036900939,-3.50951826534406,9.363487545594305,0.0,64.80977115958605,163.75659039866926,5.9777981894150045,-3.7083374760138406,-inf,0.36585306307164633,0.0,False,,,
r200_d400_t0,2,3.5,2,5e-07,"(8, 16)","(2, 4)",1.5233356605691057,2498.2704833333332,200,400,14,0.0,14.0,1.0,,mc_uas_7,-227.7070830590605,-17.017053910971157,10.41250209907426,-5.377806401363756,-5.043489636990162,0.0,184.31008544677795,158.68923962887618,3.177143858188488,-22.93520363396204,5.0967671747840315,0.48646865472560974,0.0,False,,,
r200_d400_t0,2,3.5,2,5e-07,"(8, 16)","(2, 4)",1.5233356605691057,2498.2704833333332,200,400,14,0.0,14.0,1.0,,mc_uas_8,-196.05017966869514,-47.93149191918501,17.51713920819536,5.469812601691013,4.188398804028601,0.0,144.81539104074884,165.55789141002396,-4.246640754773725,-10.4055679615489,-9.19114750769179,0.4432176543445122,0.0,False,,,
r200_d400_t0,2,3.5,2,5e-07,"(8, 16)","(2, 4)",1.5233356605691057,2498.2704833333332,200,400,14,0.0,14.0,1.0,,mc_uas_9,-109.44296396215498,-118.28527615127423,13.179476822201348,5.366964380952419,-0.09957928332167075,0.0,63.574677590155694,-147.3186017460191,-4.457944444434987,5.5735527418206265,5.990344417480918,0.15639529344512196,0.0,False,,,
r200_d400_t0,2,3.5,2,5e-07,"(8, 16)","(2, 4)",1.5233356605691057,2498.2704833333332,200,400,14,0.0,14.0,1.0,,mc_uas_10,-126.71818163873387,-127.28083088347348,15.892536438715759,1.847731678121989,5.319674842659392,0.0,83.12047594867573,-148.53259929003676,-4.34198875227967,-1.9492628999821202,-14.110178099680684,0.3769102515243902,0.0,False,,,
r200_d400_t0,2,3.5,2,5e-07,"(8, 16)","(2, 4)",1.5233356605691057,2498.2704833333332,200,400,14,0.0,14.0,1.0,,mc_uas_11,-109.28266186071016,-69.65189669471137,11.67908996327307,-0.2531354439496285,0.4607772954178541,0.0,55.20624481457489,164.9287332923341,0.36407132142067694,5.226612199636151,5.887964888712551,0.1634152296112805,0.0,False,,,
r200_d400_t0,2,3.5,2,5e-07,"(8, 16)","(2, 4)",1.5233356605691057,2498.2704833333332,200,400,14,0.0,14.0,1.0,,mc_uas_12,-95.4090170384548,-95.79667204209196,8.557047100221338,7.365728698233369,1.157774236265267,0.0,41.16204815454249,-163.33548576918483,-7.383840803844407,35.356425203675656,4.566804491671483,0.0,182.5602968460111,False,,,
r200_d400_t0,2,3.5,2,5e-07,"(8, 16)","(2, 4)",1.5233356605691057,2498.2704833333332,200,400,14,0.0,14.0,1.0,,mc_uas_13,-151.16811452390112,-57.87954124321956,16.47190669433283,-0.26829025409830354,-0.4056943522476368,0.0,98.89961559055313,164.65217110642007,0.15101934363188155,-8.30761767055048,-inf,0.42533226943597563,0.0,False,,,
r50_d400_t0,0,3.5,4,5e-09,"(8, 16)","(2, 4)",1.5233356605691057,1249.1352416666666,50,400,1,1.0,19.0,0.9047619047619048,1.2395440193928329,mc_uas_0,-66.29782273549291,-84.32665124994195,13.861230648127329,-8.847880390546884,-4.258656813253303,0.0,11.00277038971373,-178.18316307271618,8.407427960534346,89.0668621314906,83.94666695845521,0.0,273.8404452690167,True,1.2395440193928329,1.1839148948391145,1.816836927283858
r50_d400_t0,0,3.5,4,5e-08,"(8, 16)","(2, 4)",1.5233356605691057,1249.1352416666666,50,400,1,1.0,19.0,0.9047619047619048,1.2395440193928329,mc_uas_0,-66.29782273549291,-84.32665124994195,13.861230648127329,-8.847880390546884,-4.258656813253303,0.0,11.00277038971373,-178.18316307271618,8.407427960534346,89.0668621314906,83.94666695845521,0.0,273.8404452690167,True,1.2395440193928329,1.1839148948391145,1.816836927283858
r50_d400_t0,0,3.5,4,5e-07,"(8, 16)","(2, 4)",1.5233356605691057,1249.1352416666666,50,400,1,1.0,19.0,0.9047619047619048,1.2395440193928329,mc_uas_0,-66.29782273549291,-84.32665124994195,13.861230648127329,-8.847880390546884,-4.258656813253303,0.0,11.00277038971373,-178.18316307271618,8.407427960534346,89.0668621314906,83.94666695845521,0.0,273.8404452690167,True,1.2395440193928329,1.1839148948391145,1.816836927283858
r100_d400_t0,1,3.5,4,5e-09,"(8, 16)","(2, 4)",1.5233356605691057,1249.1352416666666,100,400,5,0.2,20.0,0.9090909090909091,3.18315779109138,mc_uas_0,-146.75328080733266,-77.5551617751991,15.911339481728053,0.2193628620932205,1.2572127492620646,0.0,91.17366863029406,175.9379633016395,-0.12948219388829657,20.392733557552695,-2.245013184409052,0.0,273.8404452690167,False,,,
r100_d400_t0,1,3.5,4,5e-09,"(8, 16)","(2, 4)",1.5233356605691057,1249.1352416666666,100,400,5,0.2,20.0,0.9090909090909091,3.18315779109138,mc_uas_1,-107.93605704697376,-121.37549751659385,15.5926850053958,-4.280039900119251,3.643001159311972,0.0,64.23052204185332,-144.25952976498144,1.3409421704058588,19.441075380828426,70.46047766686229,0.0,273.8404452690167,False,,,
r100_d400_t0,1,3.5,4,5e-09,"(8, 16)","(2, 4)",1.5233356605691057,1249.1352416666666,100,400,5,0.2,20.0,0.9090909090909091,3.18315779109138,mc_uas_2,-70.67455502175989,-92.00116353331057,17.176922571709127,-6.251144723187854,-4.857483343741923,0.0,18.189815847713938,-151.39898751544936,7.1797475508488375,15.916135956413171,85.79920711801185,0.0,273.8404452690167,False,,,
r100_d400_t0,1,3.5,4,5e-09,"(8, 16)","(2, 4)",1.5233356605691057,1249.1352416666666,100,400,5,0.2,20.0,0.9090909090909091,3.18315779109138,mc_uas_3,-125.295161147555,-59.887672379275216,13.003564307368709,-0.9525900078060758,-8.559824911143098,0.0,73.43190791681286,160.81386495030182,-1.9118041259950456,-0.28437512886685773,46.3509157099406,0.311474212398374,0.0,False,,,
r100_d400_t0,1,3.5,4,5e-09,"(8, 16)","(2, 4)",1.5233356605691057,1249.1352416666666,100,400,5,0.2,20.0,0.9090909090909091,3.18315779109138,mc_uas_4,-107.16070775580648,-86.92836465591884,15.687717599091664,-1.409179130533591,5.850928166134772,0.0,51.55912595380268,-176.72404723600053,1.065979095068966,21.474134858139383,92.69993077509139,0.0,273.8404452690167,True,3.18315779109138,1.289049155022191,3.2759527639994492
r100_d400_t0,1,3.5,4,5e-08,"(8, 16)","(2, 4)",1.5233356605691057,1249.1352416666666,100,400,5,0.2,20.0,0.9090909090909091,3.18315779109138,mc_uas_0,-146.75328080733266,-77.5551617751991,15.911339481728053,0.2193628620932205,1.2572127492620646,0.0,91.17366863029406,175.9379633016395,-0.12948219388829657,20.392733557552695,-2.245013184409052,0.0,273.8404452690167,False,,,
r100_d400_t0,1,3.5,4,5e-08,"(8, 16)","(2, 4)",1.5233356605691057,1249.1352416666666,100,400,5,0.2,20.0,0.9090909090909091,3.18315779109138,mc_uas_1,-107.93605704697376,-121.37549751659385,15.5926850053958,-4.280039900119251,3.643001159311972,0.0,64.23052204185332,-144.25952976498144,1.3409421704058588,19.441075380828426,70.46047766686229,0.0,273.8404452690167,False,,,
r100_d400_t0,1,3.5,4,5e-08,"(8, 16)","(2, 4)",1.5233356605691057,1249.1352416666666,100,400,5,0.2,20.0,0.9090909090909091,3.18315779109138,mc_uas_2,-70.67455502175989,-92.00116353331057,17.176922571709127,-6.251144723187854,-4.857483343741923,0.0,18.189815847713938,-151.39898751544936,7.1797475508488375,15.916135956413171,85.79920711801185,0.0,273.8404452690167,False,,,
r100_d400_t0,1,3.5,4,5e-08,"(8, 16)","(2, 4)",1.5233356605691057,1249.1352416666666,100,400,5,0.2,20.0,0.9090909090909091,3.18315779109138,mc_uas_3,-125.295161147555,-59.887672379275216,13.003564307368709,-0.9525900078060758,-8.559824911143098,0.0,73.43190791681286,160.81386495030182,-1.9118041259950456,-0.28437512886685773,46.3509157099406,0.311474212398374,0.0,False,,,
r100_d400_t0,1,3.5,4,5e-08,"(8, 16)","(2, 4)",1.5233356605691057,1249.1352416666666,100,400,5,0.2,20.0,0.9090909090909091,3.18315779109138,mc_uas_4,-107.16070775580648,-86.92836465591884,15.687717599091664,-1.409179130533591,5.850928166134772,0.0,51.55912595380268,-176.72404723600053,1.065979095068966,21.474134858139383,92.69993077509139,0.0,273.8404452690167,True,3.18315779109138,1.289049155022191,3.2759527639994492
r100_d400_t0,1,3.5,4,5e-07,"(8, 16)","(2, 4)",1.5233356605691057,1249.1352416666666,100,400,5,0.2,21.0,0.9130434782608695,3.18315779109138,mc_uas_0,-146.75328080733266,-77.5551617751991,15.911339481728053,0.2193628620932205,1.2572127492620646,0.0,91.17366863029406,175.9379633016395,-0.12948219388829657,20.392733557552695,-2.245013184409052,0.0,273.8404452690167,False,,,
r100_d400_t0,1,3.5,4,5e-07,"(8, 16)","(2, 4)",1.5233356605691057,1249.1352416666666,100,400,5,0.2,21.0,0.9130434782608695,3.18315779109138,mc_uas_1,-107.93605704697376,-121.37549751659385,15.5926850053958,-4.280039900119251,3.643001159311972,0.0,64.23052204185332,-144.25952976498144,1.3409421704058588,19.441075380828426,70.46047766686229,0.0,273.8404452690167,False,,,
r100_d400_t0,1,3.5,4,5e-07,"(8, 16)","(2, 4)",1.5233356605691057,1249.1352416666666,100,400,5,0.2,21.0,0.9130434782608695,3.18315779109138,mc_uas_2,-70.67455502175989,-92.00116353331057,17.176922571709127,-6.251144723187854,-4.857483343741923,0.0,18.189815847713938,-151.39898751544936,7.1797475508488375,15.916135956413171,85.79920711801185,0.0,273.8404452690167,False,,,
r100_d400_t0,1,3.5,4,5e-07,"(8, 16)","(2, 4)",1.5233356605691057,1249.1352416666666,100,400,5,0.2,21.0,0.9130434782608695,3.18315779109138,mc_uas_3,-125.295161147555,-59.887672379275216,13.003564307368709,-0.9525900078060758,-8.559824911143098,0.0,73.43190791681286,160.81386495030182,-1.9118041259950456,-0.28437512886685773,46.3509157099406,0.311474212398374,0.0,False,,,
r100_d400_t0,1,3.5,4,5e-07,"(8, 16)","(2, 4)",1.5233356605691057,1249.1352416666666,100,400,5,0.2,21.0,0.9130434782608695,3.18315779109138,mc_uas_4,-107.16070775580648,-86.92836465591884,15.687717599091664,-1.409179130533591,5.850928166134772,0.0,51.55912595380268,-176.72404723600053,1.065979095068966,21.474134858139383,92.69993077509139,0.0,273.8404452690167,True,3.18315779109138,1.289049155022191,3.2759527639994492
r200_d400_t0,2,3.5,4,5e-09,"(8, 16)","(2, 4)",1.5233356605691057,1249.1352416666666,200,400,14,0.0,13.0,1.0,,mc_uas_0,-107.47701438170384,-116.09790058039013,14.05159165426036,1.1258611517098376,2.0794314448183853,0.0,60.79945416083622,-148.05487208269037,-2.0510275330434213,2.8077880745693182,-10.999591695089851,0.23873856707317073,0.0,False,,,
r200_d400_t0,2,3.5,4,5e-09,"(8, 16)","(2, 4)",1.5233356605691057,1249.1352416666666,200,400,14,0.0,13.0,1.0,,mc_uas_1,-180.5557668886994,-176.14896820578315,17.676979826868184,1.6919154895884658,5.574579559844709,0.0,155.12739095944534,-143.50518757882548,-4.669901179003814,5.019021271890427,2.7863364089953926,0.16908465129573172,0.0,False,,,
r200_d400_t0,2,3.5,4,5e-09,"(8, 16)","(2, 4)",1.5233356605691057,1249.1352416666666,200,400,14,0.0,13.0,1.0,,mc_uas_2,-123.9972882705126,-137.81040925537087,16.826926528427002,5.195614264143227,-1.695678418706887,0.0,86.98159737667638,-141.6432784607102,-3.012620359803621,8.017985060233881,-11.564608619307108,0.10444058053861789,0.0,False,,,
r200_d400_t0,2,3.5,4,5e-09,"(8, 16)","(2, 4)",1.5233356605691057,1249.1352416666666,200,400,14,0.0,13.0,1.0,,mc_uas_3,-116.5138489529389,-132.41342516173998,10.892779241219191,0.2644409486990866,8.63503871585589,0.0,77.50214645907592,-141.33883735606418,-5.600543470038755,22.919891948259767,-7.329040418759782,0.0,273.8404452690167,False,,,
r200_d400_t0,2,3.5,4,5e-09,"(8, 16)","(2, 4)",1.5233356605691057,1249.1352416666666,200,400,14,0.0,13.0,1.0,,mc_uas_4,-166.13580278163852,-42.63495183262915,9.176256028784797,-7.391353498120794,5.413505427558301,0.0,117.65050283944815,159.41471487474482,8.822593519554795,-5.636432137110559,1.793609967464588,0.3963093083079268,0.0,False,,,
r200_d400_t0,2,3.5,4,5e-09,"(8, 16)","(2, 4)",1.5233356605691057,1249.1352416666666,200,400,14,0.0,13.0,1.0,,mc_uas_5,-232.32918229620043,-16.49579553540383,17.43910766427087,-2.373738548936157,4.660702124122185,0.0,188.95538751907898,159.0516255366859,3.8801559250602167,-4.919648062028687,-6.648018962108902,0.3861625857469512,0.0,False,,,
r200_d400_t0,2,3.5,4,5e-09,"(8, 16)","(2, 4)",1.5233356605691057,1249.1352416666666,200,400,14,0.0,13.0,1.0,,mc_uas_6,-118.11080732004044,-65.90410153223819,13.884908036900939,-3.50951826534406,9.363487545594305,0.0,64.80977115958605,163.75659039866926,5.9777981894150045,-3.70992018809744,5.573134812511087,0.36526335429369916,0.0,False,,,
r200_d400_t0,2,3.5,4,5e-09,"(8, 16)","(2, 4)",1.5233356605691057,1249.1352416666666,200,400,14,0.0,13.0,1.0,,mc_uas_7,-227.7070830590605,-17.017053910971157,10.41250209907426,-5.377806401363756,-5.043489636990162,0.0,184.31008544677795,158.68923962887618,3.177143858188488,-22.936746207342345,-inf,0.48700298526422764,0.0,False,,,
r200_d400_t0,2,3.5,4,5e-09,"(8, 16)","(2, 4)",1.5233356605691057,1249.1352416666666,200,400,14,0.0,13.0,1.0,,mc_uas_8,-196.05017966869514,-47.93149191918501,17.51713920819536,5.469812601691013,4.188398804028601,0.0,144.81539104074884,165.55789141002396,-4.246640754773725,-10.395684315686477,3.0521282593933847,0.44349752286585364,0.0,False,,,
r200_d400_t0,2,3.5,4,5e-09,"(8, 16)","(2, 4)",1.5233356605691057,1249.1352416666666,200,400,14,0.0,13.0,1.0,,mc_uas_9,-109.44296396215498,-118.28527615127423,13.179476822201348,5.366964380952419,-0.09957928332167075,0.0,63.574677590155694,-147.3186017460191,-4.457944444434987,5.574456935820691,2.2844160491326098,0.15639251460873985,0.0,False,,,
r200_d400_t0,2,3.5,4,5e-09,"(8, 16)","(2, 4)",1.5233356605691057,1249.1352416666666,200,400,14,0.0,13.0,1.0,,mc_uas_10,-126.71818163873387,-127.28083088347348,15.892536438715759,1.847731678121989,5.319674842659392,0.0,83.12047594867573,-148.53259929003676,-4.34198875227967,-1.9541856506981956,-13.143299455016601,0.37695391895325203,0.0,False,,,
r200_d400_t0,2,3.5,4,5e-09,"(8, 16)","(2, 4)",1.5233356605691057,1249.1352416666666,200,400,14,0.0,13.0,1.0,,mc_uas_11,-109.28266186071016,-69.65189669471137,11.67908996327307,-0.2531354439496285,0.4607772954178541,0.0,55.20624481457489,164.9287332923341,0.36407132142067694,5.220661971294399,1.5791693919797776,0.16310896214430895,0.0,False,,,
r200_d400_t0,2,3.5,4,5e-09,"(8, 16)","(2, 4)",1.5233356605691057,1249.1352416666666,200,400,14,0.0,13.0,1.0,,mc_uas_12,-95.4090170384548,-95.79667204209196,8.557047100221338,7.365728698233369,1.157774236265267,0.0,41.16204815454249,-163.33548576918483,-7.383840803844407,35.35698705367003,-10.561631955776898,0.0,273.8404452690167,False,,,
r200_d400_t0,2,3.5,4,5e-09,"(8, 16)","(2, 4)",1.5233356605691057,1249.1352416666666,200,400,14,0.0,13.0,1.0,,mc_uas_13,-151.16811452390112,-57.87954124321956,16.47190669433283,-0.26829025409830354,-0.4056943522476368,0.0,98.89961559055313,164.65217110642007,0.15101934363188155,-8.29639462036371,-inf,0.42463557545731706,0.0,False,,,
r200_d400_t0,2,3.5,4,5e-08,"(8, 16)","(2, 4)",1.5233356605691057,1249.1352416666666,200,400,14,0.0,13.0,1.0,,mc_uas_0,-107.47701438170384,-116.09790058039013,14.05159165426036,1.1258611517098376,2.0794314448183853,0.0,60.79945416083622,-148.05487208269037,-2.0510275330434213,2.8077880745693182,-10.999591695089851,0.23873856707317073,0.0,False,,,
r200_d400_t0,2,3.5,4,5e-08,"(8, 16)","(2, 4)",1.5233356605691057,1249.1352416666666,200,400,14,0.0,13.0,1.0,,mc_uas_1,-180.5557668886994,-176.14896820578315,17.676979826868184,1.6919154895884658,5.574579559844709,0.0,155.12739095944534,-143.50518757882548,-4.669901179003814,5.019021271890427,2.7863364089953926,0.16908465129573172,0.0,False,,,
r200_d400_t0,2,3.5,4,5e-08,"(8, 16)","(2, 4)",1.5233356605691057,1249.1352416666666,200,400,14,0.0,13.0,1.0,,mc_uas_2,-123.9972882705126,-137.81040925537087,16.826926528427002,5.195614264143227,-1.695678418706887,0.0,86.98159737667638,-141.6432784607102,-3.012620359803621,8.017985060233881,-11.564608619307108,0.10444058053861789,0.0,False,,,
r200_d400_t0,2,3.5,4,5e-08,"(8, 16)","(2, 4)",1.5233356605691057,1249.1352416666666,200,400,14,0.0,13.0,1.0,,mc_uas_3,-116.5138489529389,-132.41342516173998,10.892779241219191,0.2644409486990866,8.63503871585589,0.0,77.50214645907592,-141.33883735606418,-5.600543470038755,22.919891948259767,-7.329040418759782,0.0,273.8404452690167,False,,,
r200_d400_t0,2,3.5,4,5e-08,"(8, 16)","(2, 4)",1.5233356605691057,1249.1352416666666,200,400,14,0.0,13.0,1.0,,mc_uas_4,-166.13580278163852,-42.63495183262915,9.176256028784797,-7.391353498120794,5.413505427558301,0.0,117.65050283944815,159.41471487474482,8.822593519554795,-5.636432137110559,1.793609967464588,0.3963093083079268,0.0,False,,,
r200_d400_t0,2,3.5,4,5e-08,"(8, 16)","(2, 4)",1.5233356605691057,1249.1352416666666,200,400,14,0.0,13.0,1.0,,mc_uas_5,-232.32918229620043,-16.49579553540383,17.43910766427087,-2.373738548936157,4.660702124122185,0.0,188.95538751907898,159.0516255366859,3.8801559250602167,-4.919648062028687,-6.648018962108902,0.3861625857469512,0.0,False,,,
r200_d400_t0,2,3.5,4,5e-08,"(8, 16)","(2, 4)",1.5233356605691057,1249.1352416666666,200,400,14,0.0,13.0,1.0,,mc_uas_6,-118.11080732004044,-65.90410153223819,13.884908036900939,-3.50951826534406,9.363487545594305,0.0,64.80977115958605,163.75659039866926,5.9777981894150045,-3.70992018809744,5.573134812511087,0.36526335429369916,0.0,False,,,
r200_d400_t0,2,3.5,4,5e-08,"(8, 16)","(2, 4)",1.5233356605691057,1249.1352416666666,200,400,14,0.0,13.0,1.0,,mc_uas_7,-227.7070830590605,-17.017053910971157,10.41250209907426,-5.377806401363756,-5.043489636990162,0.0,184.31008544677795,158.68923962887618,3.177143858188488,-22.936746207342345,-inf,0.48700298526422764,0.0,False,,,
r200_d400_t0,2,3.5,4,5e-08,"(8, 16)","(2, 4)",1.5233356605691057,1249.1352416666666,200,400,14,0.0,13.0,1.0,,mc_uas_8,-196.05017966869514,-47.93149191918501,17.51713920819536,5.469812601691013,4.188398804028601,0.0,144.81539104074884,165.55789141002396,-4.246640754773725,-10.395684315686477,3.0521282593933847,0.44349752286585364,0.0,False,,,
r200_d400_t0,2,3.5,4,5e-08,"(8, 16)","(2, 4)",1.5233356605691057,1249.1352416666666,200,400,14,0.0,13.0,1.0,,mc_uas_9,-109.44296396215498,-118.28527615127423,13.179476822201348,5.366964380952419,-0.09957928332167075,0.0,63.574677590155694,-147.3186017460191,-4.457944444434987,5.574456935820691,2.2844160491326098,0.15639251460873985,0.0,False,,,
r200_d400_t0,2,3.5,4,5e-08,"(8, 16)","(2, 4)",1.5233356605691057,1249.1352416666666,200,400,14,0.0,13.0,1.0,,mc_uas_10,-126.71818163873387,-127.28083088347348,15.892536438715759,1.847731678121989,5.319674842659392,0.0,83.12047594867573,-148.53259929003676,-4.34198875227967,-1.9541856506981956,-13.143299455016601,0.37695391895325203,0.0,False,,,
r200_d400_t0,2,3.5,4,5e-08,"(8, 16)","(2, 4)",1.5233356605691057,1249.1352416666666,200,400,14,0.0,13.0,1.0,,mc_uas_11,-109.28266186071016,-69.65189669471137,11.67908996327307,-0.2531354439496285,0.4607772954178541,0.0,55.20624481457489,164.9287332923341,0.36407132142067694,5.220661971294399,1.5791693919797776,0.16310896214430895,0.0,False,,,
r200_d400_t0,2,3.5,4,5e-08,"(8, 16)","(2, 4)",1.5233356605691057,1249.1352416666666,200,400,14,0.0,13.0,1.0,,mc_uas_12,-95.4090170384548,-95.79667204209196,8.557047100221338,7.365728698233369,1.157774236265267,0.0,41.16204815454249,-163.33548576918483,-7.383840803844407,35.35698705367003,-10.561631955776898,0.0,273.8404452690167,False,,,
r200_d400_t0,2,3.5,4,5e-08,"(8, 16)","(2, 4)",1.5233356605691057,1249.1352416666666,200,400,14,0.0,13.0,1.0,,mc_uas_13,-151.16811452390112,-57.87954124321956,16.47190669433283,-0.26829025409830354,-0.4056943522476368,0.0,98.89961559055313,164.65217110642007,0.15101934363188155,-8.29639462036371,-inf,0.42463557545731706,0.0,False,,,
r200_d400_t0,2,3.5,4,5e-07,"(8, 16)","(2, 4)",1.5233356605691057,1249.1352416666666,200,400,14,0.0,16.0,1.0,,mc_uas_0,-107.47701438170384,-116.09790058039013,14.05159165426036,1.1258611517098376,2.0794314448183853,0.0,60.79945416083622,-148.05487208269037,-2.0510275330434213,2.8077880745693182,-10.999591695089851,0.23873856707317073,0.0,False,,,
r200_d400_t0,2,3.5,4,5e-07,"(8, 16)","(2, 4)",1.5233356605691057,1249.1352416666666,200,400,14,0.0,16.0,1.0,,mc_uas_1,-180.5557668886994,-176.14896820578315,17.676979826868184,1.6919154895884658,5.574579559844709,0.0,155.12739095944534,-143.50518757882548,-4.669901179003814,5.019021271890427,2.7863364089953926,0.16908465129573172,0.0,False,,,
r200_d400_t0,2,3.5,4,5e-07,"(8, 16)","(2, 4)",1.5233356605691057,1249.1352416666666,200,400,14,0.0,16.0,1.0,,mc_uas_2,-123.9972882705126,-137.81040925537087,16.826926528427002,5.195614264143227,-1.695678418706887,0.0,86.98159737667638,-141.6432784607102,-3.012620359803621,8.017985060233881,-11.564608619307108,0.10444058053861789,0.0,False,,,
r200_d400_t0,2,3.5,4,5e-07,"(8, 16)","(2, 4)",1.5233356605691057,1249.1352416666666,200,400,14,0.0,16.0,1.0,,mc_uas_3,-116.5138489529389,-132.41342516173998,10.892779241219191,0.2644409486990866,8.63503871585589,0.0,77.50214645907592,-141.33883735606418,-5.600543470038755,22.919891948259767,-7.329040418759782,0.0,273.8404452690167,False,,,
r200_d400_t0,2,3.5,4,5e-07,"(8, 16)","(2, 4)",1.5233356605691057,1249.1352416666666,200,400,14,0.0,16.0,1.0,,mc_uas_4,-166.13580278163852,-42.63495183262915,9.176256028784797,-7.391353498120794,5.413505427558301,0.0,117.65050283944815,159.41471487474482,8.822593519554795,-5.636432137110559,1.793609967464588,0.3963093083079268,0.0,False,,,
r200_d400_t0,2,3.5,4,5e-07,"(8, 16)","(2, 4)",1.5233356605691057,1249.1352416666666,200,400,14,0.0,16.0,1.0,,mc_uas_5,-232.32918229620043,-16.49579553540383,17.43910766427087,-2.373738548936157,4.660702124122185,0.0,188.95538751907898,159.0516255366859,3.8801559250602167,-4.919648062028687,-6.648018962108902,0.3861625857469512,0.0,False,,,
r200_d400_t0,2,3.5,4,5e-07,"(8, 16)","(2, 4)",1.5233356605691057,1249.1352416666666,200,400,14,0.0,16.0,1.0,,mc_uas_6,-118.11080732004044,-65.90410153223819,13.884908036900939,-3.50951826534406,9.363487545594305,0.0,64.80977115958605,163.75659039866926,5.9777981894150045,-3.70992018809744,5.573134812511087,0.36526335429369916,0.0,False,,,
r200_d400_t0,2,3.5,4,5e-07,"(8, 16)","(2, 4)",1.5233356605691057,1249.1352416666666,200,400,14,0.0,16.0,1.0,,mc_uas_7,-227.7070830590605,-17.017053910971157,10.41250209907426,-5.377806401363756,-5.043489636990162,0.0,184.31008544677795,158.68923962887618,3.177143858188488,-22.936746207342345,-inf,0.48700298526422764,0.0,False,,,
r200_d400_t0,2,3.5,4,5e-07,"(8, 16)","(2, 4)",1.5233356605691057,1249.1352416666666,200,400,14,0.0,16.0,1.0,,mc_uas_8,-196.05017966869514,-47.93149191918501,17.51713920819536,5.469812601691013,4.188398804028601,0.0,144.81539104074884,165.55789141002396,-4.246640754773725,-10.395684315686477,3.0521282593933847,0.44349752286585364,0.0,False,,,
r200_d400_t0,2,3.5,4,5e-07,"(8, 16)","(2, 4)",1.5233356605691057,1249.1352416666666,200,400,14,0.0,16.0,1.0,,mc_uas_9,-109.44296396215498,-118.28527615127423,13.179476822201348,5.366964380952419,-0.09957928332167075,0.0,63.574677590155694,-147.3186017460191,-4.457944444434987,5.574456935820691,2.2844160491326098,0.15639251460873985,0.0,False,,,
r200_d400_t0,2,3.5,4,5e-07,"(8, 16)","(2, 4)",1.5233356605691057,1249.1352416666666,200,400,14,0.0,16.0,1.0,,mc_uas_10,-126.71818163873387,-127.28083088347348,15.892536438715759,1.847731678121989,5.319674842659392,0.0,83.12047594867573,-148.53259929003676,-4.34198875227967,-1.9541856506981956,-13.143299455016601,0.37695391895325203,0.0,False,,,
r200_d400_t0,2,3.5,4,5e-07,"(8, 16)","(2, 4)",1.5233356605691057,1249.1352416666666,200,400,14,0.0,16.0,1.0,,mc_uas_11,-109.28266186071016,-69.65189669471137,11.67908996327307,-0.2531354439496285,0.4607772954178541,0.0,55.20624481457489,164.9287332923341,0.36407132142067694,5.220661971294399,1.5791693919797776,0.16310896214430895,0.0,False,,,
r200_d400_t0,2,3.5,4,5e-07,"(8, 16)","(2, 4)",1.5233356605691057,1249.1352416666666,200,400,14,0.0,16.0,1.0,,mc_uas_12,-95.4090170384548,-95.79667204209196,8.557047100221338,7.365728698233369,1.157774236265267,0.0,41.16204815454249,-163.33548576918483,-7.383840803844407,35.35698705367003,-10.561631955776898,0.0,273.8404452690167,False,,,
r200_d400_t0,2,3.5,4,5e-07,"(8, 16)","(2, 4)",1.5233356605691057,1249.1352416666666,200,400,14,0.0,16.0,1.0,,mc_uas_13,-151.16811452390112,-57.87954124321956,16.47190669433283,-0.26829025409830354,-0.4056943522476368,0.0,98.89961559055313,164.65217110642007,0.15101934363188155,-8.29639462036371,-inf,0.42463557545731706,0.0,False,,,
r50_d400_t0,0,10,0,5e-09,"(8, 16)","(2, 4)",1.5233356605691057,2498.2704833333332,50,400,1,1.0,34.0,0.918918918918919,0.48287626963387953,mc_uas_0,-66.29782273549291,-84.32665124994195,13.861230648127329,-8.847880390546884,-4.258656813253303,0.0,11.00277038971373,-178.18316307271618,8.407427960534346,26.273136014394165,83.85622597612948,0.0003048780487804878,365.1205936920222,True,0.48287626963387953,0.33942076572999014,1.816836927283858
r50_d400_t0,0,10,0,5e-08,"(8, 16)","(2, 4)",1.5233356605691057,2498.2704833333332,50,400,1,1.0,34.0,0.918918918918919,0.48287626963387953,mc_uas_0,-66.29782273549291,-84.32665124994195,13.861230648127329,-8.847880390546884,-4.258656813253303,0.0,11.00277038971373,-178.18316307271618,8.407427960534346,26.273136014394165,83.85622597612948,0.0003048780487804878,365.1205936920222,True,0.48287626963387953,0.33942076572999014,1.816836927283858
r50_d400_t0,0,10,0,5e-07,"(8, 16)","(2, 4)",1.5233356605691057,2498.2704833333332,50,400,1,1.0,37.0,0.925,0.48287626963387953,mc_uas_0,-66.29782273549291,-84.32665124994195,13.861230648127329,-8.847880390546884,-4.258656813253303,0.0,11.00277038971373,-178.18316307271618,8.407427960534346,26.273136014394165,83.85622597612948,0.0003048780487804878,365.1205936920222,True,0.48287626963387953,0.33942076572999014,1.816836927283858
r100_d400_t0,1,10,0,5e-09,"(8, 16)","(2, 4)",1.5233356605691057,2498.2704833333332,100,400,5,0.2,32.0,0.9696969696969697,1.495176449666827,mc_uas_0,-146.75328080733266,-77.5551617751991,15.911339481728053,0.2193628620932205,1.2572127492620646,0.0,91.17366863029406,175.9379633016395,-0.12948219388829657,20.524971151147273,1.5692623362949232,0.0003048780487804878,365.1205936920222,False,,,
r100_d400_t0,1,10,0,5e-09,"(8, 16)","(2, 4)",1.5233356605691057,2498.2704833333332,100,400,5,0.2,32.0,0.9696969696969697,1.495176449666827,mc_uas_1,-107.93605704697376,-121.37549751659385,15.5926850053958,-4.280039900119251,3.643001159311972,0.0,64.23052204185332,-144.25952976498144,1.3409421704058588,22.694509908622823,0.2251070209150935,0.0003048780487804878,365.1205936920222,False,,,
r100_d400_t0,1,10,0,5e-09,"(8, 16)","(2, 4)",1.5233356605691057,2498.2704833333332,100,400,5,0.2,32.0,0.9696969696969697,1.495176449666827,mc_uas_2,-70.67455502175989,-92.00116353331057,17.176922571709127,-6.251144723187854,-4.857483343741923,0.0,18.189815847713938,-151.39898751544936,7.1797475508488375,22.713580659623123,18.257801902182088,0.0003048780487804878,365.1205936920222,True,1.495176449666827,1.4331235814537742,1.398987515449347
r100_d400_t0,1,10,0,5e-09,"(8, 16)","(2, 4)",1.5233356605691057,2498.2704833333332,100,400,5,0.2,32.0,0.9696969696969697,1.495176449666827,mc_uas_3,-125.295161147555,-59.887672379275216,13.003564307368709,-0.9525900078060758,-8.559824911143098,0.0,73.43190791681286,160.81386495030182,-1.9118041259950456,16.846013334030225,-3.768967956714215,7.145579268292683e-06,365.1205936920222,False,,,
r100_d400_t0,1,10,0,5e-09,"(8, 16)","(2, 4)",1.5233356605691057,2498.2704833333332,100,400,5,0.2,32.0,0.9696969696969697,1.495176449666827,mc_uas_4,-107.16070775580648,-86.92836465591884,15.687717599091664,-1.409179130533591,5.850928166134772,0.0,51.55912595380268,-176.72404723600053,1.065979095068966,26.808131610008836,17.893111888288374,0.0,365.1205936920222,False,,,
r100_d400_t0,1,10,0,5e-08,"(8, 16)","(2, 4)",1.5233356605691057,2498.2704833333332,100,400,5,0.2,34.0,0.9714285714285714,1.495176449666827,mc_uas_0,-146.75328080733266,-77.5551617751991,15.911339481728053,0.2193628620932205,1.2572127492620646,0.0,91.17366863029406,175.9379633016395,-0.12948219388829657,20.524971151147273,1.5692623362949232,0.0003048780487804878,365.1205936920222,False,,,
r100_d400_t0,1,10,0,5e-08,"(8, 16)","(2, 4)",1.5233356605691057,2498.2704833333332,100,400,5,0.2,34.0,0.9714285714285714,1.495176449666827,mc_uas_1,-107.93605704697376,-121.37549751659385,15.5926850053958,-4.280039900119251,3.643001159311972,0.0,64.23052204185332,-144.25952976498144,1.3409421704058588,22.694509908622823,0.2251070209150935,0.0003048780487804878,365.1205936920222,False,,,
r100_d400_t0,1,10,0,5e-08,"(8, 16)","(2, 4)",1.5233356605691057,2498.2704833333332,100,400,5,0.2,34.0,0.9714285714285714,1.495176449666827,mc_uas_2,-70.67455502175989,-92.00116353331057,17.176922571709127,-6.251144723187854,-4.857483343741923,0.0,18.189815847713938,-151.39898751544936,7.1797475508488375,22.713580659623123,18.257801902182088,0.0003048780487804878,365.1205936920222,True,1.495176449666827,1.4331235814537742,1.398987515449347
r100_d400_t0,1,10,0,5e-08,"(8, 16)","(2, 4)",1.5233356605691057,2498.2704833333332,100,400,5,0.2,34.0,0.9714285714285714,1.495176449666827,mc_uas_3,-125.295161147555,-59.887672379275216,13.003564307368709,-0.9525900078060758,-8.559824911143098,0.0,73.43190791681286,160.81386495030182,-1.9118041259950456,16.846013334030225,-3.768967956714215,7.145579268292683e-06,365.1205936920222,False,,,
r100_d400_t0,1,10,0,5e-08,"(8, 16)","(2, 4)",1.5233356605691057,2498.2704833333332,100,400,5,0.2,34.0,0.9714285714285714,1.495176449666827,mc_uas_4,-107.16070775580648,-86.92836465591884,15.687717599091664,-1.409179130533591,5.850928166134772,0.0,51.55912595380268,-176.72404723600053,1.065979095068966,26.808131610008836,17.893111888288374,0.0,365.1205936920222,False,,,
r100_d400_t0,1,10,0,5e-07,"(8, 16)","(2, 4)",1.5233356605691057,2498.2704833333332,100,400,5,0.2,37.0,0.9736842105263158,1.495176449666827,mc_uas_0,-146.75328080733266,-77.5551617751991,15.911339481728053,0.2193628620932205,1.2572127492620646,0.0,91.17366863029406,175.9379633016395,-0.12948219388829657,20.524971151147273,1.5692623362949232,0.0003048780487804878,365.1205936920222,False,,,
r100_d400_t0,1,10,0,5e-07,"(8, 16)","(2, 4)",1.5233356605691057,2498.2704833333332,100,400,5,0.2,37.0,0.9736842105263158,1.495176449666827,mc_uas_1,-107.93605704697376,-121.37549751659385,15.5926850053958,-4.280039900119251,3.643001159311972,0.0,64.23052204185332,-144.25952976498144,1.3409421704058588,22.694509908622823,0.2251070209150935,0.0003048780487804878,365.1205936920222,False,,,
r100_d400_t0,1,10,0,5e-07,"(8, 16)","(2, 4)",1.5233356605691057,2498.2704833333332,100,400,5,0.2,37.0,0.9736842105263158,1.495176449666827,mc_uas_2,-70.67455502175989,-92.00116353331057,17.176922571709127,-6.251144723187854,-4.857483343741923,0.0,18.189815847713938,-151.39898751544936,7.1797475508488375,22.713580659623123,18.257801902182088,0.0003048780487804878,365.1205936920222,True,1.495176449666827,1.4331235814537742,1.398987515449347
r100_d400_t0,1,10,0,5e-07,"(8, 16)","(2, 4)",1.5233356605691057,2498.2704833333332,100,400,5,0.2,37.0,0.9736842105263158,1.495176449666827,mc_uas_3,-125.295161147555,-59.887672379275216,13.003564307368709,-0.9525900078060758,-8.559824911143098,0.0,73.43190791681286,160.81386495030182,-1.9118041259950456,16.846013334030225,-3.768967956714215,7.145579268292683e-06,365.1205936920222,False,,,
r100_d400_t0,1,10,0,5e-07,"(8, 16)","(2, 4)",1.5233356605691057,2498.2704833333332,100,400,5,0.2,37.0,0.9736842105263158,1.495176449666827,mc_uas_4,-107.16070775580648,-86.92836465591884,15.687717599091664,-1.409179130533591,5.850928166134772,0.0,51.55912595380268,-176.72404723600053,1.065979095068966,26.808131610008836,17.893111888288374,0.0,365.1205936920222,False,,,
r200_d400_t0,2,10,0,5e-09,"(8, 16)","(2, 4)",1.5233356605691057,2498.2704833333332,200,400,14,0.0,32.0,1.0,,mc_uas_0,-107.47701438170384,-116.09790058039013,14.05159165426036,1.1258611517098376,2.0794314448183853,0.0,60.79945416083622,-148.05487208269037,-2.0510275330434213,10.162062468668527,-inf,0.05510551638719512,0.0,False,,,
r200_d400_t0,2,10,0,5e-09,"(8, 16)","(2, 4)",1.5233356605691057,2498.2704833333332,200,400,14,0.0,32.0,1.0,,mc_uas_1,-180.5557668886994,-176.14896820578315,17.676979826868184,1.6919154895884658,5.574579559844709,0.0,155.12739095944534,-143.50518757882548,-4.669901179003814,17.250788469082448,-inf,0.0,365.1205936920222,False,,,
r200_d400_t0,2,10,0,5e-09,"(8, 16)","(2, 4)",1.5233356605691057,2498.2704833333332,200,400,14,0.0,32.0,1.0,,mc_uas_2,-123.9972882705126,-137.81040925537087,16.826926528427002,5.195614264143227,-1.695678418706887,0.0,86.98159737667638,-141.6432784607102,-3.012620359803621,22.39922213262976,4.749205347505605,0.0,365.1205936920222,False,,,
r200_d400_t0,2,10,0,5e-09,"(8, 16)","(2, 4)",1.5233356605691057,2498.2704833333332,200,400,14,0.0,32.0,1.0,,mc_uas_3,-116.5138489529389,-132.41342516173998,10.892779241219191,0.2644409486990866,8.63503871585589,0.0,77.50214645907592,-141.33883735606418,-5.600543470038755,21.579498363934437,-inf,0.0003048780487804878,365.1205936920222,False,,,
r200_d400_t0,2,10,0,5e-09,"(8, 16)","(2, 4)",1.5233356605691057,2498.2704833333332,200,400,14,0.0,32.0,1.0,,mc_uas_4,-166.13580278163852,-42.63495183262915,9.176256028784797,-7.391353498120794,5.413505427558301,0.0,117.65050283944815,159.41471487474482,8.822593519554795,18.63103227388328,-3.919178194369177,0.0,365.1205936920222,False,,,
r200_d400_t0,2,10,0,5e-09,"(8, 16)","(2, 4)",1.5233356605691057,2498.2704833333332,200,400,14,0.0,32.0,1.0,,mc_uas_5,-232.32918229620043,-16.49579553540383,17.43910766427087,-2.373738548936157,4.660702124122185,0.0,188.95538751907898,159.0516255366859,3.8801559250602167,14.848298209541124,-inf,0.004465391577743902,365.1205936920222,False,,,
r200_d400_t0,2,10,0,5e-09,"(8, 16)","(2, 4)",1.5233356605691057,2498.2704833333332,200,400,14,0.0,32.0,1.0,,mc_uas_6,-118.11080732004044,-65.90410153223819,13.884908036900939,-3.50951826534406,9.363487545594305,0.0,64.80977115958605,163.75659039866926,5.9777981894150045,19.77143522366429,-2.339883641082754,0.0003048780487804878,365.1205936920222,False,,,
r200_d400_t0,2,10,0,5e-09,"(8, 16)","(2, 4)",1.5233356605691057,2498.2704833333332,200,400,14,0.0,32.0,1.0,,mc_uas_7,-227.7070830590605,-17.017053910971157,10.41250209907426,-5.377806401363756,-5.043489636990162,0.0,184.31008544677795,158.68923962887618,3.177143858188488,13.748006410659453,-inf,0.014918778582317074,0.0,False,,,
r200_d400_t0,2,10,0,5e-09,"(8, 16)","(2, 4)",1.5233356605691057,2498.2704833333332,200,400,14,0.0,32.0,1.0,,mc_uas_8,-196.05017966869514,-47.93149191918501,17.51713920819536,5.469812601691013,4.188398804028601,0.0,144.81539104074884,165.55789141002396,-4.246640754773725,-inf,-0.8001216631347161,0.5,0.0,False,,,
r200_d400_t0,2,10,0,5e-09,"(8, 16)","(2, 4)",1.5233356605691057,2498.2704833333332,200,400,14,0.0,32.0,1.0,,mc_uas_9,-109.44296396215498,-118.28527615127423,13.179476822201348,5.366964380952419,-0.09957928332167075,0.0,63.574677590155694,-147.3186017460191,-4.457944444434987,25.166019147633335,-inf,0.0,365.1205936920222,False,,,
r200_d400_t0,2,10,0,5e-09,"(8, 16)","(2, 4)",1.5233356605691057,2498.2704833333332,200,400,14,0.0,32.0,1.0,,mc_uas_10,-126.71818163873387,-127.28083088347348,15.892536438715759,1.847731678121989,5.319674842659392,0.0,83.12047594867573,-148.53259929003676,-4.34198875227967,4.474855158751806,2.705816878338256,0.21911799733231707,0.0,False,,,
r200_d400_t0,2,10,0,5e-09,"(8, 16)","(2, 4)",1.5233356605691057,2498.2704833333332,200,400,14,0.0,32.0,1.0,,mc_uas_11,-109.28266186071016,-69.65189669471137,11.67908996327307,-0.2531354439496285,0.4607772954178541,0.0,55.20624481457489,164.9287332923341,0.36407132142067694,26.192816239426705,-3.687723238383512,0.0,365.1205936920222,False,,,
r200_d400_t0,2,10,0,5e-09,"(8, 16)","(2, 4)",1.5233356605691057,2498.2704833333332,200,400,14,0.0,32.0,1.0,,mc_uas_12,-95.4090170384548,-95.79667204209196,8.557047100221338,7.365728698233369,1.157774236265267,0.0,41.16204815454249,-163.33548576918483,-7.383840803844407,24.25606128199788,2.3726458269207393,0.0003048780487804878,365.1205936920222,False,,,
r200_d400_t0,2,10,0,5e-09,"(8, 16)","(2, 4)",1.5233356605691057,2498.2704833333332,200,400,14,0.0,32.0,1.0,,mc_uas_13,-151.16811452390112,-57.87954124321956,16.47190669433283,-0.26829025409830354,-0.4056943522476368,0.0,98.89961559055313,164.65217110642007,0.15101934363188155,12.685735521439502,-0.6443525126276572,0.015991806402439024,0.0,False,,,
r200_d400_t0,2,10,0,5e-08,"(8, 16)","(2, 4)",1.5233356605691057,2498.2704833333332,200,400,14,0.0,33.0,1.0,,mc_uas_0,-107.47701438170384,-116.09790058039013,14.05159165426036,1.1258611517098376,2.0794314448183853,0.0,60.79945416083622,-148.05487208269037,-2.0510275330434213,10.162062468668527,-inf,0.05510551638719512,0.0,False,,,
r200_d400_t0,2,10,0,5e-08,"(8, 16)","(2, 4)",1.5233356605691057,2498.2704833333332,200,400,14,0.0,33.0,1.0,,mc_uas_1,-180.5557668886994,-176.14896820578315,17.676979826868184,1.6919154895884658,5.574579559844709,0.0,155.12739095944534,-143.50518757882548,-4.669901179003814,17.250788469082448,-inf,0.0,365.1205936920222,False,,,
r200_d400_t0,2,10,0,5e-08,"(8, 16)","(2, 4)",1.5233356605691057,2498.2704833333332,200,400,14,0.0,33.0,1.0,,mc_uas_2,-123.9972882705126,-137.81040925537087,16.826926528427002,5.195614264143227,-1.695678418706887,0.0,86.98159737667638,-141.6432784607102,-3.012620359803621,22.39922213262976,4.749205347505605,0.0,365.1205936920222,False,,,
r200_d400_t0,2,10,0,5e-08,"(8, 16)","(2, 4)",1.5233356605691057,2498.2704833333332,200,400,14,0.0,33.0,1.0,,mc_uas_3,-116.5138489529389,-132.41342516173998,10.892779241219191,0.2644409486990866,8.63503871585589,0.0,77.50214645907592,-141.33883735606418,-5.600543470038755,21.579498363934437,-inf,0.0003048780487804878,365.1205936920222,False,,,
r200_d400_t0,2,10,0,5e-08,"(8, 16)","(2, 4)",1.5233356605691057,2498.2704833333332,200,400,14,0.0,33.0,1.0,,mc_uas_4,-166.13580278163852,-42.63495183262915,9.176256028784797,-7.391353498120794,5.413505427558301,0.0,117.65050283944815,159.41471487474482,8.822593519554795,18.63103227388328,-3.919178194369177,0.0,365.1205936920222,False,,,
r200_d400_t0,2,10,0,5e-08,"(8, 16)","(2, 4)",1.5233356605691057,2498.2704833333332,200,400,14,0.0,33.0,1.0,,mc_uas_5,-232.32918229620043,-16.49579553540383,17.43910766427087,-2.373738548936157,4.660702124122185,0.0,188.95538751907898,159.0516255366859,3.8801559250602167,14.848298209541124,-inf,0.004465391577743902,365.1205936920222,False,,,
r200_d400_t0,2,10,0,5e-08,"(8, 16)","(2, 4)",1.5233356605691057,2498.2704833333332,200,400,14,0.0,33.0,1.0,,mc_uas_6,-118.11080732004044,-65.90410153223819,13.884908036900939,-3.50951826534406,9.363487545594305,0.0,64.80977115958605,163.75659039866926,5.9777981894150045,19.77143522366429,-2.339883641082754,0.0003048780487804878,365.1205936920222,False,,,
r200_d400_t0,2,10,0,5e-08,"(8, 16)","(2, 4)",1.5233356605691057,2498.2704833333332,200,400,14,0.0,33.0,1.0,,mc_uas_7,-227.7070830590605,-17.017053910971157,10.41250209907426,-5.377806401363756,-5.043489636990162,0.0,184.31008544677795,158.68923962887618,3.177143858188488,13.748006410659453,-inf,0.014918778582317074,0.0,False,,,
r200_d400_t0,2,10,0,5e-08,"(8, 16)","(2, 4)",1.5233356605691057,2498.2704833333332,200,400,14,0.0,33.0,1.0,,mc_uas_8,-196.05017966869514,-47.93149191918501,17.51713920819536,5.469812601691013,4.188398804028601,0.0,144.81539104074884,165.55789141002396,-4.246640754773725,-inf,-0.8001216631347161,0.5,0.0,False,,,
r200_d400_t0,2,10,0,5e-08,"(8, 16)","(2, 4)",1.5233356605691057,2498.2704833333332,200,400,14,0.0,33.0,1.0,,mc_uas_9,-109.44296396215498,-118.28527615127423,13.179476822201348,5.366964380952419,-0.09957928332167075,0.0,63.574677590155694,-147.3186017460191,-4.457944444434987,25.166019147633335,-inf,0.0,365.1205936920222,False,,,
r200_d400_t0,2,10,0,5e-08,"(8, 16)","(2, 4)",1.5233356605691057,2498.2704833333332,200,400,14,0.0,33.0,1.0,,mc_uas_10,-126.71818163873387,-127.28083088347348,15.892536438715759,1.847731678121989,5.319674842659392,0.0,83.12047594867573,-148.53259929003676,-4.34198875227967,4.474855158751806,2.705816878338256,0.21911799733231707,0.0,False,,,
r200_d400_t0,2,10,0,5e-08,"(8, 16)","(2, 4)",1.5233356605691057,2498.2704833333332,200,400,14,0.0,33.0,1.0,,mc_uas_11,-109.28266186071016,-69.65189669471137,11.67908996327307,-0.2531354439496285,0.4607772954178541,0.0,55.20624481457489,164.9287332923341,0.36407132142067694,26.192816239426705,-3.687723238383512,0.0,365.1205936920222,False,,,
r200_d400_t0,2,10,0,5e-08,"(8, 16)","(2, 4)",1.5233356605691057,2498.2704833333332,200,400,14,0.0,33.0,1.0,,mc_uas_12,-95.4090170384548,-95.79667204209196,8.557047100221338,7.365728698233369,1.157774236265267,0.0,41.16204815454249,-163.33548576918483,-7.383840803844407,24.25606128199788,2.3726458269207393,0.0003048780487804878,365.1205936920222,False,,,
r200_d400_t0,2,10,0,5e-08,"(8, 16)","(2, 4)",1.5233356605691057,2498.2704833333332,200,400,14,0.0,33.0,1.0,,mc_uas_13,-151.16811452390112,-57.87954124321956,16.47190669433283,-0.26829025409830354,-0.4056943522476368,0.0,98.89961559055313,164.65217110642007,0.15101934363188155,12.685735521439502,-0.6443525126276572,0.015991806402439024,0.0,False,,,
r200_d400_t0,2,10,0,5e-07,"(8, 16)","(2, 4)",1.5233356605691057,2498.2704833333332,200,400,14,0.0,36.0,1.0,,mc_uas_0,-107.47701438170384,-116.09790058039013,14.05159165426036,1.1258611517098376,2.0794314448183853,0.0,60.79945416083622,-148.05487208269037,-2.0510275330434213,10.162062468668527,-inf,0.05510551638719512,0.0,False,,,
r200_d400_t0,2,10,0,5e-07,"(8, 16)","(2, 4)",1.5233356605691057,2498.2704833333332,200,400,14,0.0,36.0,1.0,,mc_uas_1,-180.5557668886994,-176.14896820578315,17.676979826868184,1.6919154895884658,5.574579559844709,0.0,155.12739095944534,-143.50518757882548,-4.669901179003814,17.250788469082448,-inf,0.0,365.1205936920222,False,,,
r200_d400_t0,2,10,0,5e-07,"(8, 16)","(2, 4)",1.5233356605691057,2498.2704833333332,200,400,14,0.0,36.0,1.0,,mc_uas_2,-123.9972882705126,-137.81040925537087,16.826926528427002,5.195614264143227,-1.695678418706887,0.0,86.98159737667638,-141.6432784607102,-3.012620359803621,22.39922213262976,4.749205347505605,0.0,365.1205936920222,False,,,
r200_d400_t0,2,10,0,5e-07,"(8, 16)","(2, 4)",1.5233356605691057,2498.2704833333332,200,400,14,0.0,36.0,1.0,,mc_uas_3,-116.5138489529389,-132.41342516173998,10.892779241219191,0.2644409486990866,8.63503871585589,0.0,77.50214645907592,-141.33883735606418,-5.600543470038755,21.579498363934437,-inf,0.0003048780487804878,365.1205936920222,False,,,
r200_d400_t0,2,10,0,5e-07,"(8, 16)","(2, 4)",1.5233356605691057,2498.2704833333332,200,400,14,0.0,36.0,1.0,,mc_uas_4,-166.13580278163852,-42.63495183262915,9.176256028784797,-7.391353498120794,5.413505427558301,0.0,117.65050283944815,159.41471487474482,8.822593519554795,18.63103227388328,-3.919178194369177,0.0,365.1205936920222,False,,,
r200_d400_t0,2,10,0,5e-07,"(8, 16)","(2, 4)",1.5233356605691057,2498.2704833333332,200,400,14,0.0,36.0,1.0,,mc_uas_5,-232.32918229620043,-16.49579553540383,17.43910766427087,-2.373738548936157,4.660702124122185,0.0,188.95538751907898,159.0516255366859,3.8801559250602167,14.848298209541124,-inf,0.004465391577743902,365.1205936920222,False,,,
r200_d400_t0,2,10,0,5e-07,"(8, 16)","(2, 4)",1.5233356605691057,2498.2704833333332,200,400,14,0.0,36.0,1.0,,mc_uas_6,-118.11080732004044,-65.90410153223819,13.884908036900939,-3.50951826534406,9.363487545594305,0.0,64.80977115958605,163.75659039866926,5.9777981894150045,19.77143522366429,-2.339883641082754,0.0003048780487804878,365.1205936920222,False,,,
r200_d400_t0,2,10,0,5e-07,"(8, 16)","(2, 4)",1.5233356605691057,2498.2704833333332,200,400,14,0.0,36.0,1.0,,mc_uas_7,-227.7070830590605,-17.017053910971157,10.41250209907426,-5.377806401363756,-5.043489636990162,0.0,184.31008544677795,158.68923962887618,3.177143858188488,13.748006410659453,-inf,0.014918778582317074,0.0,False,,,
r200_d400_t0,2,10,0,5e-07,"(8, 16)","(2, 4)",1.5233356605691057,2498.2704833333332,200,400,14,0.0,36.0,1.0,,mc_uas_8,-196.05017966869514,-47.93149191918501,17.51713920819536,5.469812601691013,4.188398804028601,0.0,144.81539104074884,165.55789141002396,-4.246640754773725,-inf,-0.8001216631347161,0.5,0.0,False,,,
r200_d400_t0,2,10,0,5e-07,"(8, 16)","(2, 4)",1.5233356605691057,2498.2704833333332,200,400,14,0.0,36.0,1.0,,mc_uas_9,-109.44296396215498,-118.28527615127423,13.179476822201348,5.366964380952419,-0.09957928332167075,0.0,63.574677590155694,-147.3186017460191,-4.457944444434987,25.166019147633335,-inf,0.0,365.1205936920222,False,,,
r200_d400_t0,2,10,0,5e-07,"(8, 16)","(2, 4)",1.5233356605691057,2498.2704833333332,200,400,14,0.0,36.0,1.0,,mc_uas_10,-126.71818163873387,-127.28083088347348,15.892536438715759,1.847731678121989,5.319674842659392,0.0,83.12047594867573,-148.53259929003676,-4.34198875227967,4.474855158751806,2.705816878338256,0.21911799733231707,0.0,False,,,
r200_d400_t0,2,10,0,5e-07,"(8, 16)","(2, 4)",1.5233356605691057,2498.2704833333332,200,400,14,0.0,36.0,1.0,,mc_uas_11,-109.28266186071016,-69.65189669471137,11.67908996327307,-0.2531354439496285,0.4607772954178541,0.0,55.20624481457489,164.9287332923341,0.36407132142067694,26.192816239426705,-3.687723238383512,0.0,365.1205936920222,False,,,
r200_d400_t0,2,10,0,5e-07,"(8, 16)","(2, 4)",1.5233356605691057,2498.2704833333332,200,400,14,0.0,36.0,1.0,,mc_uas_12,-95.4090170384548,-95.79667204209196,8.557047100221338,7.365728698233369,1.157774236265267,0.0,41.16204815454249,-163.33548576918483,-7.383840803844407,24.25606128199788,2.3726458269207393,0.0003048780487804878,365.1205936920222,False,,,
r200_d400_t0,2,10,0,5e-07,"(8, 16)","(2, 4)",1.5233356605691057,2498.2704833333332,200,400,14,0.0,36.0,1.0,,mc_uas_13,-151.16811452390112,-57.87954124321956,16.47190669433283,-0.26829025409830354,-0.4056943522476368,0.0,98.89961559055313,164.65217110642007,0.15101934363188155,12.685735521439502,-0.6443525126276572,0.015991806402439024,0.0,False,,,
r50_d400_t0,0,10,2,5e-09,"(8, 16)","(2, 4)",1.5233356605691057,1249.1352416666666,50,400,1,1.0,34.0,0.918918918918919,0.48287626963387953,mc_uas_0,-66.29782273549291,-84.32665124994195,13.861230648127329,-8.847880390546884,-4.258656813253303,0.0,11.00277038971373,-178.18316307271618,8.407427960534346,96.25706185394478,84.81761151772625,0.0,182.5602968460111,True,0.48287626963387953,0.33942076572999014,1.816836927283858
r50_d400_t0,0,10,2,5e-08,"(8, 16)","(2, 4)",1.5233356605691057,1249.1352416666666,50,400,1,1.0,34.0,0.918918918918919,0.48287626963387953,mc_uas_0,-66.29782273549291,-84.32665124994195,13.861230648127329,-8.847880390546884,-4.258656813253303,0.0,11.00277038971373,-178.18316307271618,8.407427960534346,96.25706185394478,84.81761151772625,0.0,182.5602968460111,True,0.48287626963387953,0.33942076572999014,1.816836927283858
r50_d400_t0,0,10,2,5e-07,"(8, 16)","(2, 4)",1.5233356605691057,1249.1352416666666,50,400,1,1.0,37.0,0.925,0.48287626963387953,mc_uas_0,-66.29782273549291,-84.32665124994195,13.861230648127329,-8.847880390546884,-4.258656813253303,0.0,11.00277038971373,-178.18316307271618,8.407427960534346,96.25706185394478,84.81761151772625,0.0,182.5602968460111,True,0.48287626963387953,0.33942076572999014,1.816836927283858
r100_d400_t0,1,10,2,5e-09,"(8, 16)","(2, 4)",1.5233356605691057,1249.1352416666666,100,400,5,0.4,28.0,0.9032258064516129,2.4867696051930555,mc_uas_0,-146.75328080733266,-77.5551617751991,15.911339481728053,0.2193628620932205,1.2572127492620646,0.0,91.17366863029406,175.9379633016395,-0.12948219388829657,35.91451590109377,4.471363775812845,0.0,182.5602968460111,False,,,
r100_d400_t0,1,10,2,5e-09,"(8, 16)","(2, 4)",1.5233356605691057,1249.1352416666666,100,400,5,0.4,28.0,0.9032258064516129,2.4867696051930555,mc_uas_1,-107.93605704697376,-121.37549751659385,15.5926850053958,-4.280039900119251,3.643001159311972,0.0,64.23052204185332,-144.25952976498144,1.3409421704058588,52.74196853402222,-2.227154540610035,0.0,182.5602968460111,False,,,
r100_d400_t0,1,10,2,5e-09,"(8, 16)","(2, 4)",1.5233356605691057,1249.1352416666666,100,400,5,0.4,28.0,0.9032258064516129,2.4867696051930555,mc_uas_2,-70.67455502175989,-92.00116353331057,17.176922571709127,-6.251144723187854,-4.857483343741923,0.0,18.189815847713938,-151.39898751544936,7.1797475508488375,25.77276850147374,86.3587700877182,0.0,182.5602968460111,True,1.495176449666827,1.4331235814537742,1.398987515449347
r100_d400_t0,1,10,2,5e-09,"(8, 16)","(2, 4)",1.5233356605691057,1249.1352416666666,100,400,5,0.4,28.0,0.9032258064516129,2.4867696051930555,mc_uas_3,-125.295161147555,-59.887672379275216,13.003564307368709,-0.9525900078060758,-8.559824911143098,0.0,73.43190791681286,160.81386495030182,-1.9118041259950456,17.836433304881634,-2.1736429844256215,0.0,182.5602968460111,False,,,
r100_d400_t0,1,10,2,5e-09,"(8, 16)","(2, 4)",1.5233356605691057,1249.1352416666666,100,400,5,0.4,28.0,0.9032258064516129,2.4867696051930555,mc_uas_4,-107.16070775580648,-86.92836465591884,15.687717599091664,-1.409179130533591,5.850928166134772,0.0,51.55912595380268,-176.72404723600053,1.065979095068966,36.82718194873047,67.41166946121555,0.0,182.5602968460111,True,3.18315779109138,1.289049155022191,3.2759527639994492
r100_d400_t0,1,10,2,5e-08,"(8, 16)","(2, 4)",1.5233356605691057,1249.1352416666666,100,400,5,0.4,31.0,0.9117647058823529,2.4867696051930555,mc_uas_0,-146.75328080733266,-77.5551617751991,15.911339481728053,0.2193628620932205,1.2572127492620646,0.0,91.17366863029406,175.9379633016395,-0.12948219388829657,35.91451590109377,4.471363775812845,0.0,182.5602968460111,False,,,
r100_d400_t0,1,10,2,5e-08,"(8, 16)","(2, 4)",1.5233356605691057,1249.1352416666666,100,400,5,0.4,31.0,0.9117647058823529,2.4867696051930555,mc_uas_1,-107.93605704697376,-121.37549751659385,15.5926850053958,-4.280039900119251,3.643001159311972,0.0,64.23052204185332,-144.25952976498144,1.3409421704058588,52.74196853402222,-2.227154540610035,0.0,182.5602968460111,False,,,
r100_d400_t0,1,10,2,5e-08,"(8, 16)","(2, 4)",1.5233356605691057,1249.1352416666666,100,400,5,0.4,31.0,0.9117647058823529,2.4867696051930555,mc_uas_2,-70.67455502175989,-92.00116353331057,17.176922571709127,-6.251144723187854,-4.857483343741923,0.0,18.189815847713938,-151.39898751544936,7.1797475508488375,25.77276850147374,86.3587700877182,0.0,182.5602968460111,True,1.495176449666827,1.4331235814537742,1.398987515449347
r100_d400_t0,1,10,2,5e-08,"(8, 16)","(2, 4)",1.5233356605691057,1249.1352416666666,100,400,5,0.4,31.0,0.9117647058823529,2.4867696051930555,mc_uas_3,-125.295161147555,-59.887672379275216,13.003564307368709,-0.9525900078060758,-8.559824911143098,0.0,73.43190791681286,160.81386495030182,-1.9118041259950456,17.836433304881634,-2.1736429844256215,0.0,182.5602968460111,False,,,
r100_d400_t0,1,10,2,5e-08,"(8, 16)","(2, 4)",1.5233356605691057,1249.1352416666666,100,400,5,0.4,31.0,0.9117647058823529,2.4867696051930555,mc_uas_4,-107.16070775580648,-86.92836465591884,15.687717599091664,-1.409179130533591,5.850928166134772,0.0,51.55912595380268,-176.72404723600053,1.065979095068966,36.82718194873047,67.41166946121555,0.0,182.5602968460111,True,3.18315779109138,1.289049155022191,3.2759527639994492
r100_d400_t0,1,10,2,5e-07,"(8, 16)","(2, 4)",1.5233356605691057,1249.1352416666666,100,400,5,0.4,32.0,0.9142857142857143,2.4867696051930555,mc_uas_0,-146.75328080733266,-77.5551617751991,15.911339481728053,0.2193628620932205,1.2572127492620646,0.0,91.17366863029406,175.9379633016395,-0.12948219388829657,35.91451590109377,4.471363775812845,0.0,182.5602968460111,False,,,
r100_d400_t0,1,10,2,5e-07,"(8, 16)","(2, 4)",1.5233356605691057,1249.1352416666666,100,400,5,0.4,32.0,0.9142857142857143,2.4867696051930555,mc_uas_1,-107.93605704697376,-121.37549751659385,15.5926850053958,-4.280039900119251,3.643001159311972,0.0,64.23052204185332,-144.25952976498144,1.3409421704058588,52.74196853402222,-2.227154540610035,0.0,182.5602968460111,False,,,
r100_d400_t0,1,10,2,5e-07,"(8, 16)","(2, 4)",1.5233356605691057,1249.1352416666666,100,400,5,0.4,32.0,0.9142857142857143,2.4867696051930555,mc_uas_2,-70.67455502175989,-92.00116353331057,17.176922571709127,-6.251144723187854,-4.857483343741923,0.0,18.189815847713938,-151.39898751544936,7.1797475508488375,25.77276850147374,86.3587700877182,0.0,182.5602968460111,True,1.495176449666827,1.4331235814537742,1.398987515449347
r100_d400_t0,1,10,2,5e-07,"(8, 16)","(2, 4)",1.5233356605691057,1249.1352416666666,100,400,5,0.4,32.0,0.9142857142857143,2.4867696051930555,mc_uas_3,-125.295161147555,-59.887672379275216,13.003564307368709,-0.9525900078060758,-8.559824911143098,0.0,73.43190791681286,160.81386495030182,-1.9118041259950456,17.836433304881634,-2.1736429844256215,0.0,182.5602968460111,False,,,
r100_d400_t0,1,10,2,5e-07,"(8, 16)","(2, 4)",1.5233356605691057,1249.1352416666666,100,400,5,0.4,32.0,0.9142857142857143,2.4867696051930555,mc_uas_4,-107.16070775580648,-86.92836465591884,15.687717599091664,-1.409179130533591,5.850928166134772,0.0,51.55912595380268,-176.72404723600053,1.065979095068966,36.82718194873047,67.41166946121555,0.0,182.5602968460111,True,3.18315779109138,1.289049155022191,3.2759527639994492
r200_d400_t0,2,10,2,5e-09,"(8, 16)","(2, 4)",1.5233356605691057,1249.1352416666666,200,400,14,0.0,39.0,1.0,,mc_uas_0,-107.47701438170384,-116.09790058039013,14.05159165426036,1.1258611517098376,2.0794314448183853,0.0,60.79945416083622,-148.05487208269037,-2.0510275330434213,10.392246425507867,-inf,0.05134575076219512,0.0,False,,,
r200_d400_t0,2,10,2,5e-09,"(8, 16)","(2, 4)",1.5233356605691057,1249.1352416666666,200,400,14,0.0,39.0,1.0,,mc_uas_1,-180.5557668886994,-176.14896820578315,17.676979826868184,1.6919154895884658,5.574579559844709,0.0,155.12739095944534,-143.50518757882548,-4.669901179003814,32.51118178208855,2.3633801499082914,0.0,182.5602968460111,False,,,
r200_d400_t0,2,10,2,5e-09,"(8, 16)","(2, 4)",1.5233356605691057,1249.1352416666666,200,400,14,0.0,39.0,1.0,,mc_uas_2,-123.9972882705126,-137.81040925537087,16.826926528427002,5.195614264143227,-1.695678418706887,0.0,86.98159737667638,-141.6432784607102,-3.012620359803621,49.10241264602064,-0.8067945216448706,0.0,182.5602968460111,False,,,
r200_d400_t0,2,10,2,5e-09,"(8, 16)","(2, 4)",1.5233356605691057,1249.1352416666666,200,400,14,0.0,39.0,1.0,,mc_uas_3,-116.5138489529389,-132.41342516173998,10.892779241219191,0.2644409486990866,8.63503871585589,0.0,77.50214645907592,-141.33883735606418,-5.600543470038755,48.6915212965544,-3.0923232105619363,0.0,182.5602968460111,False,,,
r200_d400_t0,2,10,2,5e-09,"(8, 16)","(2, 4)",1.5233356605691057,1249.1352416666666,200,400,14,0.0,39.0,1.0,,mc_uas_4,-166.13580278163852,-42.63495183262915,9.176256028784797,-7.391353498120794,5.413505427558301,0.0,117.65050283944815,159.41471487474482,8.822593519554795,25.050282660843074,-4.224157226992737,0.0,182.5602968460111,False,,,
r200_d400_t0,2,10,2,5e-09,"(8, 16)","(2, 4)",1.5233356605691057,1249.1352416666666,200,400,14,0.0,39.0,1.0,,mc_uas_5,-232.32918229620043,-16.49579553540383,17.43910766427087,-2.373738548936157,4.660702124122185,0.0,188.95538751907898,159.0516255366859,3.8801559250602167,23.291651831503035,4.605173881711949,0.0,182.5602968460111,False,,,
r200_d400_t0,2,10,2,5e-09,"(8, 16)","(2, 4)",1.5233356605691057,1249.1352416666666,200,400,14,0.0,39.0,1.0,,mc_uas_6,-118.11080732004044,-65.90410153223819,13.884908036900939,-3.50951826534406,9.363487545594305,0.0,64.80977115958605,163.75659039866926,5.9777981894150045,23.08762484624447,1.0894531720303162,0.0,182.5602968460111,False,,,
r200_d400_t0,2,10,2,5e-09,"(8, 16)","(2, 4)",1.5233356605691057,1249.1352416666666,200,400,14,0.0,39.0,1.0,,mc_uas_7,-227.7070830590605,-17.017053910971157,10.41250209907426,-5.377806401363756,-5.043489636990162,0.0,184.31008544677795,158.68923962887618,3.177143858188488,17.990635141388584,2.7684082906895577,0.00010122903963414634,182.5602968460111,False,,,
r200_d400_t0,2,10,2,5e-09,"(8, 16)","(2, 4)",1.5233356605691057,1249.1352416666666,200,400,14,0.0,39.0,1.0,,mc_uas_8,-196.05017966869514,-47.93149191918501,17.51713920819536,5.469812601691013,4.188398804028601,0.0,144.81539104074884,165.55789141002396,-4.246640754773725,-inf,-0.24308302658612546,0.5,0.0,False,,,
r200_d400_t0,2,10,2,5e-09,"(8, 16)","(2, 4)",1.5233356605691057,1249.1352416666666,200,400,14,0.0,39.0,1.0,,mc_uas_9,-109.44296396215498,-118.28527615127423,13.179476822201348,5.366964380952419,-0.09957928332167075,0.0,63.574677590155694,-147.3186017460191,-4.457944444434987,39.773341211299964,4.673394993840324,0.0,182.5602968460111,False,,,
r200_d400_t0,2,10,2,5e-09,"(8, 16)","(2, 4)",1.5233356605691057,1249.1352416666666,200,400,14,0.0,39.0,1.0,,mc_uas_10,-126.71818163873387,-127.28083088347348,15.892536438715759,1.847731678121989,5.319674842659392,0.0,83.12047594867573,-148.53259929003676,-4.34198875227967,4.554297824121015,-inf,0.22586104230182927,0.0,False,,,
r200_d400_t0,2,10,2,5e-09,"(8, 16)","(2, 4)",1.5233356605691057,1249.1352416666666,200,400,14,0.0,39.0,1.0,,mc_uas_11,-109.28266186071016,-69.65189669471137,11.67908996327307,-0.2531354439496285,0.4607772954178541,0.0,55.20624481457489,164.9287332923341,0.36407132142067694,46.21265058212379,1.7296233280680318,0.0,182.5602968460111,False,,,
r200_d400_t0,2,10,2,5e-09,"(8, 16)","(2, 4)",1.5233356605691057,1249.1352416666666,200,400,14,0.0,39.0,1.0,,mc_uas_12,-95.4090170384548,-95.79667204209196,8.557047100221338,7.365728698233369,1.157774236265267,0.0,41.16204815454249,-163.33548576918483,-7.383840803844407,77.08520273223753,2.596810291912048,0.0,182.5602968460111,False,,,
r200_d400_t0,2,10,2,5e-09,"(8, 16)","(2, 4)",1.5233356605691057,1249.1352416666666,200,400,14,0.0,39.0,1.0,,mc_uas_13,-151.16811452390112,-57.87954124321956,16.47190669433283,-0.26829025409830354,-0.4056943522476368,0.0,98.89961559055313,164.65217110642007,0.15101934363188155,13.31940962093422,1.3232729658944253,0.0050316787347560975,182.5602968460111,False,,,
r200_d400_t0,2,10,2,5e-08,"(8, 16)","(2, 4)",1.5233356605691057,1249.1352416666666,200,400,14,0.0,40.0,1.0,,mc_uas_0,-107.47701438170384,-116.09790058039013,14.05159165426036,1.1258611517098376,2.0794314448183853,0.0,60.79945416083622,-148.05487208269037,-2.0510275330434213,10.392246425507867,-inf,0.05134575076219512,0.0,False,,,
r200_d400_t0,2,10,2,5e-08,"(8, 16)","(2, 4)",1.5233356605691057,1249.1352416666666,200,400,14,0.0,40.0,1.0,,mc_uas_1,-180.5557668886994,-176.14896820578315,17.676979826868184,1.6919154895884658,5.574579559844709,0.0,155.12739095944534,-143.50518757882548,-4.669901179003814,32.51118178208855,2.3633801499082914,0.0,182.5602968460111,False,,,
r200_d400_t0,2,10,2,5e-08,"(8, 16)","(2, 4)",1.5233356605691057,1249.1352416666666,200,400,14,0.0,40.0,1.0,,mc_uas_2,-123.9972882705126,-137.81040925537087,16.826926528427002,5.195614264143227,-1.695678418706887,0.0,86.98159737667638,-141.6432784607102,-3.012620359803621,49.10241264602064,-0.8067945216448706,0.0,182.5602968460111,False,,,
r200_d400_t0,2,10,2,5e-08,"(8, 16)","(2, 4)",1.5233356605691057,1249.1352416666666,200,400,14,0.0,40.0,1.0,,mc_uas_3,-116.5138489529389,-132.41342516173998,10.892779241219191,0.2644409486990866,8.63503871585589,0.0,77.50214645907592,-141.33883735606418,-5.600543470038755,48.6915212965544,-3.0923232105619363,0.0,182.5602968460111,False,,,
r200_d400_t0,2,10,2,5e-08,"(8, 16)","(2, 4)",1.5233356605691057,1249.1352416666666,200,400,14,0.0,40.0,1.0,,mc_uas_4,-166.13580278163852,-42.63495183262915,9.176256028784797,-7.391353498120794,5.413505427558301,0.0,117.65050283944815,159.41471487474482,8.822593519554795,25.050282660843074,-4.224157226992737,0.0,182.5602968460111,False,,,
r200_d400_t0,2,10,2,5e-08,"(8, 16)","(2, 4)",1.5233356605691057,1249.1352416666666,200,400,14,0.0,40.0,1.0,,mc_uas_5,-232.32918229620043,-16.49579553540383,17.43910766427087,-2.373738548936157,4.660702124122185,0.0,188.95538751907898,159.0516255366859,3.8801559250602167,23.291651831503035,4.605173881711949,0.0,182.5602968460111,False,,,
r200_d400_t0,2,10,2,5e-08,"(8, 16)","(2, 4)",1.5233356605691057,1249.1352416666666,200,400,14,0.0,40.0,1.0,,mc_uas_6,-118.11080732004044,-65.90410153223819,13.884908036900939,-3.50951826534406,9.363487545594305,0.0,64.80977115958605,163.75659039866926,5.9777981894150045,23.08762484624447,1.0894531720303162,0.0,182.5602968460111,False,,,
r200_d400_t0,2,10,2,5e-08,"(8, 16)","(2, 4)",1.5233356605691057,1249.1352416666666,200,400,14,0.0,40.0,1.0,,mc_uas_7,-227.7070830590605,-17.017053910971157,10.41250209907426,-5.377806401363756,-5.043489636990162,0.0,184.31008544677795,158.68923962887618,3.177143858188488,17.990635141388584,2.7684082906895577,0.00010122903963414634,182.5602968460111,False,,,
r200_d400_t0,2,10,2,5e-08,"(8, 16)","(2, 4)",1.5233356605691057,1249.1352416666666,200,400,14,0.0,40.0,1.0,,mc_uas_8,-196.05017966869514,-47.93149191918501,17.51713920819536,5.469812601691013,4.188398804028601,0.0,144.81539104074884,165.55789141002396,-4.246640754773725,-inf,-0.24308302658612546,0.5,0.0,False,,,
r200_d400_t0,2,10,2,5e-08,"(8, 16)","(2, 4)",1.5233356605691057,1249.1352416666666,200,400,14,0.0,40.0,1.0,,mc_uas_9,-109.44296396215498,-118.28527615127423,13.179476822201348,5.366964380952419,-0.09957928332167075,0.0,63.574677590155694,-147.3186017460191,-4.457944444434987,39.773341211299964,4.673394993840324,0.0,182.5602968460111,False,,,
r200_d400_t0,2,10,2,5e-08,"(8, 16)","(2, 4)",1.5233356605691057,1249.1352416666666,200,400,14,0.0,40.0,1.0,,mc_uas_10,-126.71818163873387,-127.28083088347348,15.892536438715759,1.847731678121989,5.319674842659392,0.0,83.12047594867573,-148.53259929003676,-4.34198875227967,4.554297824121015,-inf,0.22586104230182927,0.0,False,,,
r200_d400_t0,2,10,2,5e-08,"(8, 16)","(2, 4)",1.5233356605691057,1249.1352416666666,200,400,14,0.0,40.0,1.0,,mc_uas_11,-109.28266186071016,-69.65189669471137,11.67908996327307,-0.2531354439496285,0.4607772954178541,0.0,55.20624481457489,164.9287332923341,0.36407132142067694,46.21265058212379,1.7296233280680318,0.0,182.5602968460111,False,,,
r200_d400_t0,2,10,2,5e-08,"(8, 16)","(2, 4)",1.5233356605691057,1249.1352416666666,200,400,14,0.0,40.0,1.0,,mc_uas_12,-95.4090170384548,-95.79667204209196,8.557047100221338,7.365728698233369,1.157774236265267,0.0,41.16204815454249,-163.33548576918483,-7.383840803844407,77.08520273223753,2.596810291912048,0.0,182.5602968460111,False,,,
r200_d400_t0,2,10,2,5e-08,"(8, 16)","(2, 4)",1.5233356605691057,1249.1352416666666,200,400,14,0.0,40.0,1.0,,mc_uas_13,-151.16811452390112,-57.87954124321956,16.47190669433283,-0.26829025409830354,-0.4056943522476368,0.0,98.89961559055313,164.65217110642007,0.15101934363188155,13.31940962093422,1.3232729658944253,0.0050316787347560975,182.5602968460111,False,,,
r200_d400_t0,2,10,2,5e-07,"(8, 16)","(2, 4)",1.5233356605691057,1249.1352416666666,200,400,14,0.0,45.0,1.0,,mc_uas_0,-107.47701438170384,-116.09790058039013,14.05159165426036,1.1258611517098376,2.0794314448183853,0.0,60.79945416083622,-148.05487208269037,-2.0510275330434213,10.392246425507867,-inf,0.05134575076219512,0.0,False,,,
r200_d400_t0,2,10,2,5e-07,"(8, 16)","(2, 4)",1.5233356605691057,1249.1352416666666,200,400,14,0.0,45.0,1.0,,mc_uas_1,-180.5557668886994,-176.14896820578315,17.676979826868184,1.6919154895884658,5.574579559844709,0.0,155.12739095944534,-143.50518757882548,-4.669901179003814,32.51118178208855,2.3633801499082914,0.0,182.5602968460111,False,,,
r200_d400_t0,2,10,2,5e-07,"(8, 16)","(2, 4)",1.5233356605691057,1249.1352416666666,200,400,14,0.0,45.0,1.0,,mc_uas_2,-123.9972882705126,-137.81040925537087,16.826926528427002,5.195614264143227,-1.695678418706887,0.0,86.98159737667638,-141.6432784607102,-3.012620359803621,49.10241264602064,-0.8067945216448706,0.0,182.5602968460111,False,,,
r200_d400_t0,2,10,2,5e-07,"(8, 16)","(2, 4)",1.5233356605691057,1249.1352416666666,200,400,14,0.0,45.0,1.0,,mc_uas_3,-116.5138489529389,-132.41342516173998,10.892779241219191,0.2644409486990866,8.63503871585589,0.0,77.50214645907592,-141.33883735606418,-5.600543470038755,48.6915212965544,-3.0923232105619363,0.0,182.5602968460111,False,,,
r200_d400_t0,2,10,2,5e-07,"(8, 16)","(2, 4)",1.5233356605691057,1249.1352416666666,200,400,14,0.0,45.0,1.0,,mc_uas_4,-166.13580278163852,-42.63495183262915,9.176256028784797,-7.391353498120794,5.413505427558301,0.0,117.65050283944815,159.41471487474482,8.822593519554795,25.050282660843074,-4.224157226992737,0.0,182.5602968460111,False,,,
r200_d400_t0,2,10,2,5e-07,"(8, 16)","(2, 4)",1.5233356605691057,1249.1352416666666,200,400,14,0.0,45.0,1.0,,mc_uas_5,-232.32918229620043,-16.49579553540383,17.43910766427087,-2.373738548936157,4.660702124122185,0.0,188.95538751907898,159.0516255366859,3.8801559250602167,23.291651831503035,4.605173881711949,0.0,182.5602968460111,False,,,
r200_d400_t0,2,10,2,5e-07,"(8, 16)","(2, 4)",1.5233356605691057,1249.1352416666666,200,400,14,0.0,45.0,1.0,,mc_uas_6,-118.11080732004044,-65.90410153223819,13.884908036900939,-3.50951826534406,9.363487545594305,0.0,64.80977115958605,163.75659039866926,5.9777981894150045,23.08762484624447,1.0894531720303162,0.0,182.5602968460111,False,,,
r200_d400_t0,2,10,2,5e-07,"(8, 16)","(2, 4)",1.5233356605691057,1249.1352416666666,200,400,14,0.0,45.0,1.0,,mc_uas_7,-227.7070830590605,-17.017053910971157,10.41250209907426,-5.377806401363756,-5.043489636990162,0.0,184.31008544677795,158.68923962887618,3.177143858188488,17.990635141388584,2.7684082906895577,0.00010122903963414634,182.5602968460111,False,,,
r200_d400_t0,2,10,2,5e-07,"(8, 16)","(2, 4)",1.5233356605691057,1249.1352416666666,200,400,14,0.0,45.0,1.0,,mc_uas_8,-196.05017966869514,-47.93149191918501,17.51713920819536,5.469812601691013,4.188398804028601,0.0,144.81539104074884,165.55789141002396,-4.246640754773725,-inf,-0.24308302658612546,0.5,0.0,False,,,
r200_d400_t0,2,10,2,5e-07,"(8, 16)","(2, 4)",1.5233356605691057,1249.1352416666666,200,400,14,0.0,45.0,1.0,,mc_uas_9,-109.44296396215498,-118.28527615127423,13.179476822201348,5.366964380952419,-0.09957928332167075,0.0,63.574677590155694,-147.3186017460191,-4.457944444434987,39.773341211299964,4.673394993840324,0.0,182.5602968460111,False,,,
r200_d400_t0,2,10,2,5e-07,"(8, 16)","(2, 4)",1.5233356605691057,1249.1352416666666,200,400,14,0.0,45.0,1.0,,mc_uas_10,-126.71818163873387,-127.28083088347348,15.892536438715759,1.847731678121989,5.319674842659392,0.0,83.12047594867573,-148.53259929003676,-4.34198875227967,4.554297824121015,-inf,0.22586104230182927,0.0,False,,,
r200_d400_t0,2,10,2,5e-07,"(8, 16)","(2, 4)",1.5233356605691057,1249.1352416666666,200,400,14,0.0,45.0,1.0,,mc_uas_11,-109.28266186071016,-69.65189669471137,11.67908996327307,-0.2531354439496285,0.4607772954178541,0.0,55.20624481457489,164.9287332923341,0.36407132142067694,46.21265058212379,1.7296233280680318,0.0,182.5602968460111,False,,,
r200_d400_t0,2,10,2,5e-07,"(8, 16)","(2, 4)",1.5233356605691057,1249.1352416666666,200,400,14,0.0,45.0,1.0,,mc_uas_12,-95.4090170384548,-95.79667204209196,8.557047100221338,7.365728698233369,1.157774236265267,0.0,41.16204815454249,-163.33548576918483,-7.383840803844407,77.08520273223753,2.596810291912048,0.0,182.5602968460111,False,,,
r200_d400_t0,2,10,2,5e-07,"(8, 16)","(2, 4)",1.5233356605691057,1249.1352416666666,200,400,14,0.0,45.0,1.0,,mc_uas_13,-151.16811452390112,-57.87954124321956,16.47190669433283,-0.26829025409830354,-0.4056943522476368,0.0,98.89961559055313,164.65217110642007,0.15101934363188155,13.31940962093422,1.3232729658944253,0.0050316787347560975,182.5602968460111,False,,,
r50_d400_t0,0,10,4,5e-09,"(8, 16)","(2, 4)",1.5233356605691057,624.5676208333333,50,400,1,1.0,35.0,0.9210526315789473,0.48287626963387953,mc_uas_0,-66.29782273549291,-84.32665124994195,13.861230648127329,-8.847880390546884,-4.258656813253303,0.0,11.00277038971373,-178.18316307271618,8.407427960534346,96.25052041676648,80.84315874207323,0.0,273.8404452690167,True,0.48287626963387953,0.33942076572999014,1.816836927283858
r50_d400_t0,0,10,4,5e-08,"(8, 16)","(2, 4)",1.5233356605691057,624.5676208333333,50,400,1,1.0,36.0,0.9230769230769231,0.48287626963387953,mc_uas_0,-66.29782273549291,-84.32665124994195,13.861230648127329,-8.847880390546884,-4.258656813253303,0.0,11.00277038971373,-178.18316307271618,8.407427960534346,96.25052041676648,80.84315874207323,0.0,273.8404452690167,True,0.48287626963387953,0.33942076572999014,1.816836927283858
r50_d400_t0,0,10,4,5e-07,"(8, 16)","(2, 4)",1.5233356605691057,624.5676208333333,50,400,1,1.0,37.0,0.925,0.48287626963387953,mc_uas_0,-66.29782273549291,-84.32665124994195,13.861230648127329,-8.847880390546884,-4.258656813253303,0.0,11.00277038971373,-178.18316307271618,8.407427960534346,96.25052041676648,80.84315874207323,0.0,273.8404452690167,True,0.48287626963387953,0.33942076572999014,1.816836927283858
r100_d400_t0,1,10,4,5e-09,"(8, 16)","(2, 4)",1.5233356605691057,624.5676208333333,100,400,5,0.4,28.0,0.9032258064516129,2.4867696051930555,mc_uas_0,-146.75328080733266,-77.5551617751991,15.911339481728053,0.2193628620932205,1.2572127492620646,0.0,91.17366863029406,175.9379633016395,-0.12948219388829657,35.89015180881332,5.647071173550153,0.0,273.8404452690167,False,,,
r100_d400_t0,1,10,4,5e-09,"(8, 16)","(2, 4)",1.5233356605691057,624.5676208333333,100,400,5,0.4,28.0,0.9032258064516129,2.4867696051930555,mc_uas_1,-107.93605704697376,-121.37549751659385,15.5926850053958,-4.280039900119251,3.643001159311972,0.0,64.23052204185332,-144.25952976498144,1.3409421704058588,52.75223866031253,5.380927417556069,0.0,273.8404452690167,False,,,
r100_d400_t0,1,10,4,5e-09,"(8, 16)","(2, 4)",1.5233356605691057,624.5676208333333,100,400,5,0.4,28.0,0.9032258064516129,2.4867696051930555,mc_uas_2,-70.67455502175989,-92.00116353331057,17.176922571709127,-6.251144723187854,-4.857483343741923,0.0,18.189815847713938,-151.39898751544936,7.1797475508488375,25.7498443064952,82.37239662005521,0.0,273.8404452690167,True,1.495176449666827,1.4331235814537742,1.398987515449347
r100_d400_t0,1,10,4,5e-09,"(8, 16)","(2, 4)",1.5233356605691057,624.5676208333333,100,400,5,0.4,28.0,0.9032258064516129,2.4867696051930555,mc_uas_3,-125.295161147555,-59.887672379275216,13.003564307368709,-0.9525900078060758,-8.559824911143098,0.0,73.43190791681286,160.81386495030182,-1.9118041259950456,17.83212087332007,-0.9087386140869859,0.0,273.8404452690167,False,,,
r100_d400_t0,1,10,4,5e-09,"(8, 16)","(2, 4)",1.5233356605691057,624.5676208333333,100,400,5,0.4,28.0,0.9032258064516129,2.4867696051930555,mc_uas_4,-107.16070775580648,-86.92836465591884,15.687717599091664,-1.409179130533591,5.850928166134772,0.0,51.55912595380268,-176.72404723600053,1.065979095068966,36.83814359847668,64.29577861686133,0.0,273.8404452690167,True,3.18315779109138,1.289049155022191,3.2759527639994492
r100_d400_t0,1,10,4,5e-08,"(8, 16)","(2, 4)",1.5233356605691057,624.5676208333333,100,400,5,0.4,31.0,0.9117647058823529,2.4867696051930555,mc_uas_0,-146.75328080733266,-77.5551617751991,15.911339481728053,0.2193628620932205,1.2572127492620646,0.0,91.17366863029406,175.9379633016395,-0.12948219388829657,35.89015180881332,5.647071173550153,0.0,273.8404452690167,False,,,
r100_d400_t0,1,10,4,5e-08,"(8, 16)","(2, 4)",1.5233356605691057,624.5676208333333,100,400,5,0.4,31.0,0.9117647058823529,2.4867696051930555,mc_uas_1,-107.93605704697376,-121.37549751659385,15.5926850053958,-4.280039900119251,3.643001159311972,0.0,64.23052204185332,-144.25952976498144,1.3409421704058588,52.75223866031253,5.380927417556069,0.0,273.8404452690167,False,,,
r100_d400_t0,1,10,4,5e-08,"(8, 16)","(2, 4)",1.5233356605691057,624.5676208333333,100,400,5,0.4,31.0,0.9117647058823529,2.4867696051930555,mc_uas_2,-70.67455502175989,-92.00116353331057,17.176922571709127,-6.251144723187854,-4.857483343741923,0.0,18.189815847713938,-151.39898751544936,7.1797475508488375,25.7498443064952,82.37239662005521,0.0,273.8404452690167,True,1.495176449666827,1.4331235814537742,1.398987515449347
r100_d400_t0,1,10,4,5e-08,"(8, 16)","(2, 4)",1.5233356605691057,624.5676208333333,100,400,5,0.4,31.0,0.9117647058823529,2.4867696051930555,mc_uas_3,-125.295161147555,-59.887672379275216,13.003564307368709,-0.9525900078060758,-8.559824911143098,0.0,73.43190791681286,160.81386495030182,-1.9118041259950456,17.83212087332007,-0.9087386140869859,0.0,273.8404452690167,False,,,
r100_d400_t0,1,10,4,5e-08,"(8, 16)","(2, 4)",1.5233356605691057,624.5676208333333,100,400,5,0.4,31.0,0.9117647058823529,2.4867696051930555,mc_uas_4,-107.16070775580648,-86.92836465591884,15.687717599091664,-1.409179130533591,5.850928166134772,0.0,51.55912595380268,-176.72404723600053,1.065979095068966,36.83814359847668,64.29577861686133,0.0,273.8404452690167,True,3.18315779109138,1.289049155022191,3.2759527639994492
r100_d400_t0,1,10,4,5e-07,"(8, 16)","(2, 4)",1.5233356605691057,624.5676208333333,100,400,5,0.4,33.0,0.9166666666666666,2.4867696051930555,mc_uas_0,-146.75328080733266,-77.5551617751991,15.911339481728053,0.2193628620932205,1.2572127492620646,0.0,91.17366863029406,175.9379633016395,-0.12948219388829657,35.89015180881332,5.647071173550153,0.0,273.8404452690167,False,,,
r100_d400_t0,1,10,4,5e-07,"(8, 16)","(2, 4)",1.5233356605691057,624.5676208333333,100,400,5,0.4,33.0,0.9166666666666666,2.4867696051930555,mc_uas_1,-107.93605704697376,-121.37549751659385,15.5926850053958,-4.280039900119251,3.643001159311972,0.0,64.23052204185332,-144.25952976498144,1.3409421704058588,52.75223866031253,5.380927417556069,0.0,273.8404452690167,False,,,
r100_d400_t0,1,10,4,5e-07,"(8, 16)","(2, 4)",1.5233356605691057,624.5676208333333,100,400,5,0.4,33.0,0.9166666666666666,2.4867696051930555,mc_uas_2,-70.67455502175989,-92.00116353331057,17.176922571709127,-6.251144723187854,-4.857483343741923,0.0,18.189815847713938,-151.39898751544936,7.1797475508488375,25.7498443064952,82.37239662005521,0.0,273.8404452690167,True,1.495176449666827,1.4331235814537742,1.398987515449347
r100_d400_t0,1,10,4,5e-07,"(8, 16)","(2, 4)",1.5233356605691057,624.5676208333333,100,400,5,0.4,33.0,0.9166666666666666,2.4867696051930555,mc_uas_3,-125.295161147555,-59.887672379275216,13.003564307368709,-0.9525900078060758,-8.559824911143098,0.0,73.43190791681286,160.81386495030182,-1.9118041259950456,17.83212087332007,-0.9087386140869859,0.0,273.8404452690167,False,,,
r100_d400_t0,1,10,4,5e-07,"(8, 16)","(2, 4)",1.5233356605691057,624.5676208333333,100,400,5,0.4,33.0,0.9166666666666666,2.4867696051930555,mc_uas_4,-107.16070775580648,-86.92836465591884,15.687717599091664,-1.409179130533591,5.850928166134772,0.0,51.55912595380268,-176.72404723600053,1.065979095068966,36.83814359847668,64.29577861686133,0.0,273.8404452690167,True,3.18315779109138,1.289049155022191,3.2759527639994492
r200_d400_t0,2,10,4,5e-09,"(8, 16)","(2, 4)",1.5233356605691057,624.5676208333333,200,400,14,0.0,40.0,1.0,,mc_uas_0,-107.47701438170384,-116.09790058039013,14.05159165426036,1.1258611517098376,2.0794314448183853,0.0,60.79945416083622,-148.05487208269037,-2.0510275330434213,10.395127448154389,0.4957335211465036,0.051229039634146344,0.0,False,,,
r200_d400_t0,2,10,4,5e-09,"(8, 16)","(2, 4)",1.5233356605691057,624.5676208333333,200,400,14,0.0,40.0,1.0,,mc_uas_1,-180.5557668886994,-176.14896820578315,17.676979826868184,1.6919154895884658,5.574579559844709,0.0,155.12739095944534,-143.50518757882548,-4.669901179003814,32.528573743311185,-0.18855826351130203,0.0,273.8404452690167,False,,,
r200_d400_t0,2,10,4,5e-09,"(8, 16)","(2, 4)",1.5233356605691057,624.5676208333333,200,400,14,0.0,40.0,1.0,,mc_uas_2,-123.9972882705126,-137.81040925537087,16.826926528427002,5.195614264143227,-1.695678418706887,0.0,86.98159737667638,-141.6432784607102,-3.012620359803621,49.12646599051995,0.03575594937169698,0.0,273.8404452690167,False,,,
r200_d400_t0,2,10,4,5e-09,"(8, 16)","(2, 4)",1.5233356605691057,624.5676208333333,200,400,14,0.0,40.0,1.0,,mc_uas_3,-116.5138489529389,-132.41342516173998,10.892779241219191,0.2644409486990866,8.63503871585589,0.0,77.50214645907592,-141.33883735606418,-5.600543470038755,48.6922640622698,-7.896317721652846,0.0,273.8404452690167,False,,,
r200_d400_t0,2,10,4,5e-09,"(8, 16)","(2, 4)",1.5233356605691057,624.5676208333333,200,400,14,0.0,40.0,1.0,,mc_uas_4,-166.13580278163852,-42.63495183262915,9.176256028784797,-7.391353498120794,5.413505427558301,0.0,117.65050283944815,159.41471487474482,8.822593519554795,25.049839066005166,-0.22988260799108287,0.0,273.8404452690167,False,,,
r200_d400_t0,2,10,4,5e-09,"(8, 16)","(2, 4)",1.5233356605691057,624.5676208333333,200,400,14,0.0,40.0,1.0,,mc_uas_5,-232.32918229620043,-16.49579553540383,17.43910766427087,-2.373738548936157,4.660702124122185,0.0,188.95538751907898,159.0516255366859,3.8801559250602167,23.29229767793219,-2.7216914735153006,0.0,273.8404452690167,False,,,
r200_d400_t0,2,10,4,5e-09,"(8, 16)","(2, 4)",1.5233356605691057,624.5676208333333,200,400,14,0.0,40.0,1.0,,mc_uas_6,-118.11080732004044,-65.90410153223819,13.884908036900939,-3.50951826534406,9.363487545594305,0.0,64.80977115958605,163.75659039866926,5.9777981894150045,23.09320835892487,8.029460272548384,0.0,273.8404452690167,False,,,
r200_d400_t0,2,10,4,5e-09,"(8, 16)","(2, 4)",1.5233356605691057,624.5676208333333,200,400,14,0.0,40.0,1.0,,mc_uas_7,-227.7070830590605,-17.017053910971157,10.41250209907426,-5.377806401363756,-5.043489636990162,0.0,184.31008544677795,158.68923962887618,3.177143858188488,17.972001740409674,3.0663627931318906,0.00011194740853658537,273.8404452690167,False,,,
r200_d400_t0,2,10,4,5e-09,"(8, 16)","(2, 4)",1.5233356605691057,624.5676208333333,200,400,14,0.0,40.0,1.0,,mc_uas_8,-196.05017966869514,-47.93149191918501,17.51713920819536,5.469812601691013,4.188398804028601,0.0,144.81539104074884,165.55789141002396,-4.246640754773725,-inf,1.2472442565368507,0.5,0.0,False,,,
r200_d400_t0,2,10,4,5e-09,"(8, 16)","(2, 4)",1.5233356605691057,624.5676208333333,200,400,14,0.0,40.0,1.0,,mc_uas_9,-109.44296396215498,-118.28527615127423,13.179476822201348,5.366964380952419,-0.09957928332167075,0.0,63.574677590155694,-147.3186017460191,-4.457944444434987,39.78304621773397,-0.31084748993951755,0.0,273.8404452690167,False,,,
r200_d400_t0,2,10,4,5e-09,"(8, 16)","(2, 4)",1.5233356605691057,624.5676208333333,200,400,14,0.0,40.0,1.0,,mc_uas_10,-126.71818163873387,-127.28083088347348,15.892536438715759,1.847731678121989,5.319674842659392,0.0,83.12047594867573,-148.53259929003676,-4.34198875227967,4.562612317316599,-12.946082739800183,0.22602419969512194,0.0,False,,,
r200_d400_t0,2,10,4,5e-09,"(8, 16)","(2, 4)",1.5233356605691057,624.5676208333333,200,400,14,0.0,40.0,1.0,,mc_uas_11,-109.28266186071016,-69.65189669471137,11.67908996327307,-0.2531354439496285,0.4607772954178541,0.0,55.20624481457489,164.9287332923341,0.36407132142067694,46.21561614693495,-2.517386744739702,0.0,273.8404452690167,False,,,
r200_d400_t0,2,10,4,5e-09,"(8, 16)","(2, 4)",1.5233356605691057,624.5676208333333,200,400,14,0.0,40.0,1.0,,mc_uas_12,-95.4090170384548,-95.79667204209196,8.557047100221338,7.365728698233369,1.157774236265267,0.0,41.16204815454249,-163.33548576918483,-7.383840803844407,77.08523809923187,3.489850294597356,0.0,273.8404452690167,False,,,
r200_d400_t0,2,10,4,5e-09,"(8, 16)","(2, 4)",1.5233356605691057,624.5676208333333,200,400,14,0.0,40.0,1.0,,mc_uas_13,-151.16811452390112,-57.87954124321956,16.47190669433283,-0.26829025409830354,-0.4056943522476368,0.0,98.89961559055313,164.65217110642007,0.15101934363188155,13.331140292850918,-1.5277020282080913,0.00517578125,273.8404452690167,False,,,
r200_d400_t0,2,10,4,5e-08,"(8, 16)","(2, 4)",1.5233356605691057,624.5676208333333,200,400,14,0.0,40.0,1.0,,mc_uas_0,-107.47701438170384,-116.09790058039013,14.05159165426036,1.1258611517098376,2.0794314448183853,0.0,60.79945416083622,-148.05487208269037,-2.0510275330434213,10.395127448154389,0.4957335211465036,0.051229039634146344,0.0,False,,,
r200_d400_t0,2,10,4,5e-08,"(8, 16)","(2, 4)",1.5233356605691057,624.5676208333333,200,400,14,0.0,40.0,1.0,,mc_uas_1,-180.5557668886994,-176.14896820578315,17.676979826868184,1.6919154895884658,5.574579559844709,0.0,155.12739095944534,-143.50518757882548,-4.669901179003814,32.528573743311185,-0.18855826351130203,0.0,273.8404452690167,False,,,
r200_d400_t0,2,10,4,5e-08,"(8, 16)","(2, 4)",1.5233356605691057,624.5676208333333,200,400,14,0.0,40.0,1.0,,mc_uas_2,-123.9972882705126,-137.81040925537087,16.826926528427002,5.195614264143227,-1.695678418706887,0.0,86.98159737667638,-141.6432784607102,-3.012620359803621,49.12646599051995,0.03575594937169698,0.0,273.8404452690167,False,,,
r200_d400_t0,2,10,4,5e-08,"(8, 16)","(2, 4)",1.5233356605691057,624.5676208333333,200,400,14,0.0,40.0,1.0,,mc_uas_3,-116.5138489529389,-132.41342516173998,10.892779241219191,0.2644409486990866,8.63503871585589,0.0,77.50214645907592,-141.33883735606418,-5.600543470038755,48.6922640622698,-7.896317721652846,0.0,273.8404452690167,False,,,
r200_d400_t0,2,10,4,5e-08,"(8, 16)","(2, 4)",1.5233356605691057,624.5676208333333,200,400,14,0.0,40.0,1.0,,mc_uas_4,-166.13580278163852,-42.63495183262915,9.176256028784797,-7.391353498120794,5.413505427558301,0.0,117.65050283944815,159.41471487474482,8.822593519554795,25.049839066005166,-0.22988260799108287,0.0,273.8404452690167,False,,,
r200_d400_t0,2,10,4,5e-08,"(8, 16)","(2, 4)",1.5233356605691057,624.5676208333333,200,400,14,0.0,40.0,1.0,,mc_uas_5,-232.32918229620043,-16.49579553540383,17.43910766427087,-2.373738548936157,4.660702124122185,0.0,188.95538751907898,159.0516255366859,3.8801559250602167,23.29229767793219,-2.7216914735153006,0.0,273.8404452690167,False,,,
r200_d400_t0,2,10,4,5e-08,"(8, 16)","(2, 4)",1.5233356605691057,624.5676208333333,200,400,14,0.0,40.0,1.0,,mc_uas_6,-118.11080732004044,-65.90410153223819,13.884908036900939,-3.50951826534406,9.363487545594305,0.0,64.80977115958605,163.75659039866926,5.9777981894150045,23.09320835892487,8.029460272548384,0.0,273.8404452690167,False,,,
r200_d400_t0,2,10,4,5e-08,"(8, 16)","(2, 4)",1.5233356605691057,624.5676208333333,200,400,14,0.0,40.0,1.0,,mc_uas_7,-227.7070830590605,-17.017053910971157,10.41250209907426,-5.377806401363756,-5.043489636990162,0.0,184.31008544677795,158.68923962887618,3.177143858188488,17.972001740409674,3.0663627931318906,0.00011194740853658537,273.8404452690167,False,,,
r200_d400_t0,2,10,4,5e-08,"(8, 16)","(2, 4)",1.5233356605691057,624.5676208333333,200,400,14,0.0,40.0,1.0,,mc_uas_8,-196.05017966869514,-47.93149191918501,17.51713920819536,5.469812601691013,4.188398804028601,0.0,144.81539104074884,165.55789141002396,-4.246640754773725,-inf,1.2472442565368507,0.5,0.0,False,,,
r200_d400_t0,2,10,4,5e-08,"(8, 16)","(2, 4)",1.5233356605691057,624.5676208333333,200,400,14,0.0,40.0,1.0,,mc_uas_9,-109.44296396215498,-118.28527615127423,13.179476822201348,5.366964380952419,-0.09957928332167075,0.0,63.574677590155694,-147.3186017460191,-4.457944444434987,39.78304621773397,-0.31084748993951755,0.0,273.8404452690167,False,,,
r200_d400_t0,2,10,4,5e-08,"(8, 16)","(2, 4)",1.5233356605691057,624.5676208333333,200,400,14,0.0,40.0,1.0,,mc_uas_10,-126.71818163873387,-127.28083088347348,15.892536438715759,1.847731678121989,5.319674842659392,0.0,83.12047594867573,-148.53259929003676,-4.34198875227967,4.562612317316599,-12.946082739800183,0.22602419969512194,0.0,False,,,
r200_d400_t0,2,10,4,5e-08,"(8, 16)","(2, 4)",1.5233356605691057,624.5676208333333,200,400,14,0.0,40.0,1.0,,mc_uas_11,-109.28266186071016,-69.65189669471137,11.67908996327307,-0.2531354439496285,0.4607772954178541,0.0,55.20624481457489,164.9287332923341,0.36407132142067694,46.21561614693495,-2.517386744739702,0.0,273.8404452690167,False,,,
r200_d400_t0,2,10,4,5e-08,"(8, 16)","(2, 4)",1.5233356605691057,624.5676208333333,200,400,14,0.0,40.0,1.0,,mc_uas_12,-95.4090170384548,-95.79667204209196,8.557047100221338,7.365728698233369,1.157774236265267,0.0,41.16204815454249,-163.33548576918483,-7.383840803844407,77.08523809923187,3.489850294597356,0.0,273.8404452690167,False,,,
r200_d400_t0,2,10,4,5e-08,"(8, 16)","(2, 4)",1.5233356605691057,624.5676208333333,200,400,14,0.0,40.0,1.0,,mc_uas_13,-151.16811452390112,-57.87954124321956,16.47190669433283,-0.26829025409830354,-0.4056943522476368,0.0,98.89961559055313,164.65217110642007,0.15101934363188155,13.331140292850918,-1.5277020282080913,0.00517578125,273.8404452690167,False,,,
r200_d400_t0,2,10,4,5e-07,"(8, 16)","(2, 4)",1.5233356605691057,624.5676208333333,200,400,14,0.0,41.0,1.0,,mc_uas_0,-107.47701438170384,-116.09790058039013,14.05159165426036,1.1258611517098376,2.0794314448183853,0.0,60.79945416083622,-148.05487208269037,-2.0510275330434213,10.395127448154389,0.4957335211465036,0.051229039634146344,0.0,False,,,
r200_d400_t0,2,10,4,5e-07,"(8, 16)","(2, 4)",1.5233356605691057,624.5676208333333,200,400,14,0.0,41.0,1.0,,mc_uas_1,-180.5557668886994,-176.14896820578315,17.676979826868184,1.6919154895884658,5.574579559844709,0.0,155.12739095944534,-143.50518757882548,-4.669901179003814,32.528573743311185,-0.18855826351130203,0.0,273.8404452690167,False,,,
r200_d400_t0,2,10,4,5e-07,"(8, 16)","(2, 4)",1.5233356605691057,624.5676208333333,200,400,14,0.0,41.0,1.0,,mc_uas_2,-123.9972882705126,-137.81040925537087,16.826926528427002,5.195614264143227,-1.695678418706887,0.0,86.98159737667638,-141.6432784607102,-3.012620359803621,49.12646599051995,0.03575594937169698,0.0,273.8404452690167,False,,,
r200_d400_t0,2,10,4,5e-07,"(8, 16)","(2, 4)",1.5233356605691057,624.5676208333333,200,400,14,0.0,41.0,1.0,,mc_uas_3,-116.5138489529389,-132.41342516173998,10.892779241219191,0.2644409486990866,8.63503871585589,0.0,77.50214645907592,-141.33883735606418,-5.600543470038755,48.6922640622698,-7.896317721652846,0.0,273.8404452690167,False,,,
r200_d400_t0,2,10,4,5e-07,"(8, 16)","(2, 4)",1.5233356605691057,624.5676208333333,200,400,14,0.0,41.0,1.0,,mc_uas_4,-166.13580278163852,-42.63495183262915,9.176256028784797,-7.391353498120794,5.413505427558301,0.0,117.65050283944815,159.41471487474482,8.822593519554795,25.049839066005166,-0.22988260799108287,0.0,273.8404452690167,False,,,
r200_d400_t0,2,10,4,5e-07,"(8, 16)","(2, 4)",1.5233356605691057,624.5676208333333,200,400,14,0.0,41.0,1.0,,mc_uas_5,-232.32918229620043,-16.49579553540383,17.43910766427087,-2.373738548936157,4.660702124122185,0.0,188.95538751907898,159.0516255366859,3.8801559250602167,23.29229767793219,-2.7216914735153006,0.0,273.8404452690167,False,,,
r200_d400_t0,2,10,4,5e-07,"(8, 16)","(2, 4)",1.5233356605691057,624.5676208333333,200,400,14,0.0,41.0,1.0,,mc_uas_6,-118.11080732004044,-65.90410153223819,13.884908036900939,-3.50951826534406,9.363487545594305,0.0,64.80977115958605,163.75659039866926,5.9777981894150045,23.09320835892487,8.029460272548384,0.0,273.8404452690167,False,,,
r200_d400_t0,2,10,4,5e-07,"(8, 16)","(2, 4)",1.5233356605691057,624.5676208333333,200,400,14,0.0,41.0,1.0,,mc_uas_7,-227.7070830590605,-17.017053910971157,10.41250209907426,-5.377806401363756,-5.043489636990162,0.0,184.31008544677795,158.68923962887618,3.177143858188488,17.972001740409674,3.0663627931318906,0.00011194740853658537,273.8404452690167,False,,,
r200_d400_t0,2,10,4,5e-07,"(8, 16)","(2, 4)",1.5233356605691057,624.5676208333333,200,400,14,0.0,41.0,1.0,,mc_uas_8,-196.05017966869514,-47.93149191918501,17.51713920819536,5.469812601691013,4.188398804028601,0.0,144.81539104074884,165.55789141002396,-4.246640754773725,-inf,1.2472442565368507,0.5,0.0,False,,,
r200_d400_t0,2,10,4,5e-07,"(8, 16)","(2, 4)",1.5233356605691057,624.5676208333333,200,400,14,0.0,41.0,1.0,,mc_uas_9,-109.44296396215498,-118.28527615127423,13.179476822201348,5.366964380952419,-0.09957928332167075,0.0,63.574677590155694,-147.3186017460191,-4.457944444434987,39.78304621773397,-0.31084748993951755,0.0,273.8404452690167,False,,,
r200_d400_t0,2,10,4,5e-07,"(8, 16)","(2, 4)",1.5233356605691057,624.5676208333333,200,400,14,0.0,41.0,1.0,,mc_uas_10,-126.71818163873387,-127.28083088347348,15.892536438715759,1.847731678121989,5.319674842659392,0.0,83.12047594867573,-148.53259929003676,-4.34198875227967,4.562612317316599,-12.946082739800183,0.22602419969512194,0.0,False,,,
r200_d400_t0,2,10,4,5e-07,"(8, 16)","(2, 4)",1.5233356605691057,624.5676208333333,200,400,14,0.0,41.0,1.0,,mc_uas_11,-109.28266186071016,-69.65189669471137,11.67908996327307,-0.2531354439496285,0.4607772954178541,0.0,55.20624481457489,164.9287332923341,0.36407132142067694,46.21561614693495,-2.517386744739702,0.0,273.8404452690167,False,,,
r200_d400_t0,2,10,4,5e-07,"(8, 16)","(2, 4)",1.5233356605691057,624.5676208333333,200,400,14,0.0,41.0,1.0,,mc_uas_12,-95.4090170384548,-95.79667204209196,8.557047100221338,7.365728698233369,1.157774236265267,0.0,41.16204815454249,-163.33548576918483,-7.383840803844407,77.08523809923187,3.489850294597356,0.0,273.8404452690167,False,,,
r200_d400_t0,2,10,4,5e-07,"(8, 16)","(2, 4)",1.5233356605691057,624.5676208333333,200,400,14,0.0,41.0,1.0,,mc_uas_13,-151.16811452390112,-57.87954124321956,16.47190669433283,-0.26829025409830354,-0.4056943522476368,0.0,98.89961559055313,164.65217110642007,0.15101934363188155,13.331140292850918,-1.5277020282080913,0.00517578125,273.8404452690167,False,,,
r50_d400_t0,0,28,0,5e-09,"(8, 16)","(2, 4)",1.5233356605691057,1249.1352416666666,50,400,1,1.0,29.0,0.9666666666666667,0.48287626963387953,mc_uas_0,-66.29782273549291,-84.32665124994195,13.861230648127329,-8.847880390546884,-4.258656813253303,0.0,11.00277038971373,-178.18316307271618,8.407427960534346,23.238141442758295,78.19728485522386,0.0006097560975609756,365.1205936920222,True,0.48287626963387953,0.33942076572999014,1.816836927283858
r50_d400_t0,0,28,0,5e-08,"(8, 16)","(2, 4)",1.5233356605691057,1249.1352416666666,50,400,1,1.0,30.0,0.967741935483871,0.48287626963387953,mc_uas_0,-66.29782273549291,-84.32665124994195,13.861230648127329,-8.847880390546884,-4.258656813253303,0.0,11.00277038971373,-178.18316307271618,8.407427960534346,23.238141442758295,78.19728485522386,0.0006097560975609756,365.1205936920222,True,0.48287626963387953,0.33942076572999014,1.816836927283858
r50_d400_t0,0,28,0,5e-07,"(8, 16)","(2, 4)",1.5233356605691057,1249.1352416666666,50,400,1,1.0,33.0,0.9705882352941176,0.48287626963387953,mc_uas_0,-66.29782273549291,-84.32665124994195,13.861230648127329,-8.847880390546884,-4.258656813253303,0.0,11.00277038971373,-178.18316307271618,8.407427960534346,23.238141442758295,78.19728485522386,0.0006097560975609756,365.1205936920222,True,0.48287626963387953,0.33942076572999014,1.816836927283858
r100_d400_t0,1,28,0,5e-09,"(8, 16)","(2, 4)",1.5233356605691057,1249.1352416666666,100,400,5,0.4,33.0,0.9428571428571428,2.486769605193054,mc_uas_0,-146.75328080733266,-77.5551617751991,15.911339481728053,0.2193628620932205,1.2572127492620646,0.0,91.17366863029406,175.9379633016395,-0.12948219388829657,15.29349410383486,8.268041521847449,0.0006097560975609756,365.1205936920222,False,,,
r100_d400_t0,1,28,0,5e-09,"(8, 16)","(2, 4)",1.5233356605691057,1249.1352416666666,100,400,5,0.4,33.0,0.9428571428571428,2.486769605193054,mc_uas_1,-107.93605704697376,-121.37549751659385,15.5926850053958,-4.280039900119251,3.643001159311972,0.0,64.23052204185332,-144.25952976498144,1.3409421704058588,17.589460576800985,-1.0972391265195662,0.0006097560975609756,365.1205936920222,False,,,
r100_d400_t0,1,28,0,5e-09,"(8, 16)","(2, 4)",1.5233356605691057,1249.1352416666666,100,400,5,0.4,33.0,0.9428571428571428,2.486769605193054,mc_uas_2,-70.67455502175989,-92.00116353331057,17.176922571709127,-6.251144723187854,-4.857483343741923,0.0,18.189815847713938,-151.39898751544936,7.1797475508488375,20.207158636900168,13.064607613538758,0.0006097560975609756,365.1205936920222,True,1.495176449666823,1.4331235814537706,1.398987515449347
r100_d400_t0,1,28,0,5e-09,"(8, 16)","(2, 4)",1.5233356605691057,1249.1352416666666,100,400,5,0.4,33.0,0.9428571428571428,2.486769605193054,mc_uas_3,-125.295161147555,-59.887672379275216,13.003564307368709,-0.9525900078060758,-8.559824911143098,0.0,73.43190791681286,160.81386495030182,-1.9118041259950456,16.01444318452689,-15.79188021075124,0.0009586985518292683,365.1205936920222,False,,,
r100_d400_t0,1,28,0,5e-09,"(8, 16)","(2, 4)",1.5233356605691057,1249.1352416666666,100,400,5,0.4,33.0,0.9428571428571428,2.486769605193054,mc_uas_4,-107.16070775580648,-86.92836465591884,15.687717599091664,-1.409179130533591,5.850928166134772,0.0,51.55912595380268,-176.72404723600053,1.065979095068966,21.124529303971407,24.508589717031725,0.0,365.1205936920222,True,3.18315779109138,1.289049155022191,3.2759527639994492
r100_d400_t0,1,28,0,5e-08,"(8, 16)","(2, 4)",1.5233356605691057,1249.1352416666666,100,400,5,0.4,37.0,0.9487179487179487,2.486769605193054,mc_uas_0,-146.75328080733266,-77.5551617751991,15.911339481728053,0.2193628620932205,1.2572127492620646,0.0,91.17366863029406,175.9379633016395,-0.12948219388829657,15.29349410383486,8.268041521847449,0.0006097560975609756,365.1205936920222,False,,,
r100_d400_t0,1,28,0,5e-08,"(8, 16)","(2, 4)",1.5233356605691057,1249.1352416666666,100,400,5,0.4,37.0,0.9487179487179487,2.486769605193054,mc_uas_1,-107.93605704697376,-121.37549751659385,15.5926850053958,-4.280039900119251,3.643001159311972,0.0,64.23052204185332,-144.25952976498144,1.3409421704058588,17.589460576800985,-1.0972391265195662,0.0006097560975609756,365.1205936920222,False,,,
r100_d400_t0,1,28,0,5e-08,"(8, 16)","(2, 4)",1.5233356605691057,1249.1352416666666,100,400,5,0.4,37.0,0.9487179487179487,2.486769605193054,mc_uas_2,-70.67455502175989,-92.00116353331057,17.176922571709127,-6.251144723187854,-4.857483343741923,0.0,18.189815847713938,-151.39898751544936,7.1797475508488375,20.207158636900168,13.064607613538758,0.0006097560975609756,365.1205936920222,True,1.495176449666823,1.4331235814537706,1.398987515449347
r100_d400_t0,1,28,0,5e-08,"(8, 16)","(2, 4)",1.5233356605691057,1249.1352416666666,100,400,5,0.4,37.0,0.9487179487179487,2.486769605193054,mc_uas_3,-125.295161147555,-59.887672379275216,13.003564307368709,-0.9525900078060758,-8.559824911143098,0.0,73.43190791681286,160.81386495030182,-1.9118041259950456,16.01444318452689,-15.79188021075124,0.0009586985518292683,365.1205936920222,False,,,
r100_d400_t0,1,28,0,5e-08,"(8, 16)","(2, 4)",1.5233356605691057,1249.1352416666666,100,400,5,0.4,37.0,0.9487179487179487,2.486769605193054,mc_uas_4,-107.16070775580648,-86.92836465591884,15.687717599091664,-1.409179130533591,5.850928166134772,0.0,51.55912595380268,-176.72404723600053,1.065979095068966,21.124529303971407,24.508589717031725,0.0,365.1205936920222,True,3.18315779109138,1.289049155022191,3.2759527639994492
r100_d400_t0,1,28,0,5e-07,"(8, 16)","(2, 4)",1.5233356605691057,1249.1352416666666,100,400,5,0.4,43.0,0.9555555555555556,2.486769605193054,mc_uas_0,-146.75328080733266,-77.5551617751991,15.911339481728053,0.2193628620932205,1.2572127492620646,0.0,91.17366863029406,175.9379633016395,-0.12948219388829657,15.29349410383486,8.268041521847449,0.0006097560975609756,365.1205936920222,False,,,
r100_d400_t0,1,28,0,5e-07,"(8, 16)","(2, 4)",1.5233356605691057,1249.1352416666666,100,400,5,0.4,43.0,0.9555555555555556,2.486769605193054,mc_uas_1,-107.93605704697376,-121.37549751659385,15.5926850053958,-4.280039900119251,3.643001159311972,0.0,64.23052204185332,-144.25952976498144,1.3409421704058588,17.589460576800985,-1.0972391265195662,0.0006097560975609756,365.1205936920222,False,,,
r100_d400_t0,1,28,0,5e-07,"(8, 16)","(2, 4)",1.5233356605691057,1249.1352416666666,100,400,5,0.4,43.0,0.9555555555555556,2.486769605193054,mc_uas_2,-70.67455502175989,-92.00116353331057,17.176922571709127,-6.251144723187854,-4.857483343741923,0.0,18.189815847713938,-151.39898751544936,7.1797475508488375,20.207158636900168,13.064607613538758,0.0006097560975609756,365.1205936920222,True,1.495176449666823,1.4331235814537706,1.398987515449347
r100_d400_t0,1,28,0,5e-07,"(8, 16)","(2, 4)",1.5233356605691057,1249.1352416666666,100,400,5,0.4,43.0,0.9555555555555556,2.486769605193054,mc_uas_3,-125.295161147555,-59.887672379275216,13.003564307368709,-0.9525900078060758,-8.559824911143098,0.0,73.43190791681286,160.81386495030182,-1.9118041259950456,16.01444318452689,-15.79188021075124,0.0009586985518292683,365.1205936920222,False,,,
r100_d400_t0,1,28,0,5e-07,"(8, 16)","(2, 4)",1.5233356605691057,1249.1352416666666,100,400,5,0.4,43.0,0.9555555555555556,2.486769605193054,mc_uas_4,-107.16070775580648,-86.92836465591884,15.687717599091664,-1.409179130533591,5.850928166134772,0.0,51.55912595380268,-176.72404723600053,1.065979095068966,21.124529303971407,24.508589717031725,0.0,365.1205936920222,True,3.18315779109138,1.289049155022191,3.2759527639994492
r200_d400_t0,2,28,0,5e-09,"(8, 16)","(2, 4)",1.5233356605691057,1249.1352416666666,200,400,14,0.0,26.0,1.0,,mc_uas_0,-107.47701438170384,-116.09790058039013,14.05159165426036,1.1258611517098376,2.0794314448183853,0.0,60.79945416083622,-148.05487208269037,-2.0510275330434213,10.567044867167452,2.0940611140438135,0.047990901295731705,0.0,False,,,
r200_d400_t0,2,28,0,5e-09,"(8, 16)","(2, 4)",1.5233356605691057,1249.1352416666666,200,400,14,0.0,26.0,1.0,,mc_uas_1,-180.5557668886994,-176.14896820578315,17.676979826868184,1.6919154895884658,5.574579559844709,0.0,155.12739095944534,-143.50518757882548,-4.669901179003814,11.17566503940919,1.6447975488910913,0.08007455221036586,0.0,False,,,
r200_d400_t0,2,28,0,5e-09,"(8, 16)","(2, 4)",1.5233356605691057,1249.1352416666666,200,400,14,0.0,26.0,1.0,,mc_uas_2,-123.9972882705126,-137.81040925537087,16.826926528427002,5.195614264143227,-1.695678418706887,0.0,86.98159737667638,-141.6432784607102,-3.012620359803621,16.376476298938343,4.7742468264442905,0.0,365.1205936920222,False,,,
r200_d400_t0,2,28,0,5e-09,"(8, 16)","(2, 4)",1.5233356605691057,1249.1352416666666,200,400,14,0.0,26.0,1.0,,mc_uas_3,-116.5138489529389,-132.41342516173998,10.892779241219191,0.2644409486990866,8.63503871585589,0.0,77.50214645907592,-141.33883735606418,-5.600543470038755,16.41463704263011,-0.8646672188030262,0.0006097560975609756,365.1205936920222,False,,,
r200_d400_t0,2,28,0,5e-09,"(8, 16)","(2, 4)",1.5233356605691057,1249.1352416666666,200,400,14,0.0,26.0,1.0,,mc_uas_4,-166.13580278163852,-42.63495183262915,9.176256028784797,-7.391353498120794,5.413505427558301,0.0,117.65050283944815,159.41471487474482,8.822593519554795,11.848072542311543,2.0691164148460213,0.0398901962652439,0.0,False,,,
r200_d400_t0,2,28,0,5e-09,"(8, 16)","(2, 4)",1.5233356605691057,1249.1352416666666,200,400,14,0.0,26.0,1.0,,mc_uas_5,-232.32918229620043,-16.49579553540383,17.43910766427087,-2.373738548936157,4.660702124122185,0.0,188.95538751907898,159.0516255366859,3.8801559250602167,8.45104812465147,0.24515871644905002,0.09821836890243903,0.0,False,,,
r200_d400_t0,2,28,0,5e-09,"(8, 16)","(2, 4)",1.5233356605691057,1249.1352416666666,200,400,14,0.0,26.0,1.0,,mc_uas_6,-118.11080732004044,-65.90410153223819,13.884908036900939,-3.50951826534406,9.363487545594305,0.0,64.80977115958605,163.75659039866926,5.9777981894150045,13.443776313629694,-1.4507849620641893,0.011361471036585366,0.0,False,,,
r200_d400_t0,2,28,0,5e-09,"(8, 16)","(2, 4)",1.5233356605691057,1249.1352416666666,200,400,14,0.0,26.0,1.0,,mc_uas_7,-227.7070830590605,-17.017053910971157,10.41250209907426,-5.377806401363756,-5.043489636990162,0.0,184.31008544677795,158.68923962887618,3.177143858188488,6.839794019044582,-inf,0.12833698551829267,0.0,False,,,
r200_d400_t0,2,28,0,5e-09,"(8, 16)","(2, 4)",1.5233356605691057,1249.1352416666666,200,400,14,0.0,26.0,1.0,,mc_uas_8,-196.05017966869514,-47.93149191918501,17.51713920819536,5.469812601691013,4.188398804028601,0.0,144.81539104074884,165.55789141002396,-4.246640754773725,-inf,-5.41550071347101,0.5,0.0,False,,,
r200_d400_t0,2,28,0,5e-09,"(8, 16)","(2, 4)",1.5233356605691057,1249.1352416666666,200,400,14,0.0,26.0,1.0,,mc_uas_9,-109.44296396215498,-118.28527615127423,13.179476822201348,5.366964380952419,-0.09957928332167075,0.0,63.574677590155694,-147.3186017460191,-4.457944444434987,19.126296506140477,2.722629102279498,0.0,365.1205936920222,False,,,
r200_d400_t0,2,28,0,5e-09,"(8, 16)","(2, 4)",1.5233356605691057,1249.1352416666666,200,400,14,0.0,26.0,1.0,,mc_uas_10,-126.71818163873387,-127.28083088347348,15.892536438715759,1.847731678121989,5.319674842659392,0.0,83.12047594867573,-148.53259929003676,-4.34198875227967,6.007670728731888,2.440155332768136,0.1519995712652439,0.0,False,,,
r200_d400_t0,2,28,0,5e-09,"(8, 16)","(2, 4)",1.5233356605691057,1249.1352416666666,200,400,14,0.0,26.0,1.0,,mc_uas_11,-109.28266186071016,-69.65189669471137,11.67908996327307,-0.2531354439496285,0.4607772954178541,0.0,55.20624481457489,164.9287332923341,0.36407132142067694,20.148665555117443,3.245069880939701,0.0,365.1205936920222,False,,,
r200_d400_t0,2,28,0,5e-09,"(8, 16)","(2, 4)",1.5233356605691057,1249.1352416666666,200,400,14,0.0,26.0,1.0,,mc_uas_12,-95.4090170384548,-95.79667204209196,8.557047100221338,7.365728698233369,1.157774236265267,0.0,41.16204815454249,-163.33548576918483,-7.383840803844407,20.060213112045737,-1.2562544330254442,0.0006097560975609756,365.1205936920222,False,,,
r200_d400_t0,2,28,0,5e-09,"(8, 16)","(2, 4)",1.5233356605691057,1249.1352416666666,200,400,14,0.0,26.0,1.0,,mc_uas_13,-151.16811452390112,-57.87954124321956,16.47190669433283,-0.26829025409830354,-0.4056943522476368,0.0,98.89961559055313,164.65217110642007,0.15101934363188155,6.174998392946392,4.743806367922391,0.15792087461890245,0.0,False,,,
r200_d400_t0,2,28,0,5e-08,"(8, 16)","(2, 4)",1.5233356605691057,1249.1352416666666,200,400,14,0.0,26.0,1.0,,mc_uas_0,-107.47701438170384,-116.09790058039013,14.05159165426036,1.1258611517098376,2.0794314448183853,0.0,60.79945416083622,-148.05487208269037,-2.0510275330434213,10.567044867167452,2.0940611140438135,0.047990901295731705,0.0,False,,,
r200_d400_t0,2,28,0,5e-08,"(8, 16)","(2, 4)",1.5233356605691057,1249.1352416666666,200,400,14,0.0,26.0,1.0,,mc_uas_1,-180.5557668886994,-176.14896820578315,17.676979826868184,1.6919154895884658,5.574579559844709,0.0,155.12739095944534,-143.50518757882548,-4.669901179003814,11.17566503940919,1.6447975488910913,0.08007455221036586,0.0,False,,,
r200_d400_t0,2,28,0,5e-08,"(8, 16)","(2, 4)",1.5233356605691057,1249.1352416666666,200,400,14,0.0,26.0,1.0,,mc_uas_2,-123.9972882705126,-137.81040925537087,16.826926528427002,5.195614264143227,-1.695678418706887,0.0,86.98159737667638,-141.6432784607102,-3.012620359803621,16.376476298938343,4.7742468264442905,0.0,365.1205936920222,False,,,
r200_d400_t0,2,28,0,5e-08,"(8, 16)","(2, 4)",1.5233356605691057,1249.1352416666666,200,400,14,0.0,26.0,1.0,,mc_uas_3,-116.5138489529389,-132.41342516173998,10.892779241219191,0.2644409486990866,8.63503871585589,0.0,77.50214645907592,-141.33883735606418,-5.600543470038755,16.41463704263011,-0.8646672188030262,0.0006097560975609756,365.1205936920222,False,,,
r200_d400_t0,2,28,0,5e-08,"(8, 16)","(2, 4)",1.5233356605691057,1249.1352416666666,200,400,14,0.0,26.0,1.0,,mc_uas_4,-166.13580278163852,-42.63495183262915,9.176256028784797,-7.391353498120794,5.413505427558301,0.0,117.65050283944815,159.41471487474482,8.822593519554795,11.848072542311543,2.0691164148460213,0.0398901962652439,0.0,False,,,
r200_d400_t0,2,28,0,5e-08,"(8, 16)","(2, 4)",1.5233356605691057,1249.1352416666666,200,400,14,0.0,26.0,1.0,,mc_uas_5,-232.32918229620043,-16.49579553540383,17.43910766427087,-2.373738548936157,4.660702124122185,0.0,188.95538751907898,159.0516255366859,3.8801559250602167,8.45104812465147,0.24515871644905002,0.09821836890243903,0.0,False,,,
r200_d400_t0,2,28,0,5e-08,"(8, 16)","(2, 4)",1.5233356605691057,1249.1352416666666,200,400,14,0.0,26.0,1.0,,mc_uas_6,-118.11080732004044,-65.90410153223819,13.884908036900939,-3.50951826534406,9.363487545594305,0.0,64.80977115958605,163.75659039866926,5.9777981894150045,13.443776313629694,-1.4507849620641893,0.011361471036585366,0.0,False,,,
r200_d400_t0,2,28,0,5e-08,"(8, 16)","(2, 4)",1.5233356605691057,1249.1352416666666,200,400,14,0.0,26.0,1.0,,mc_uas_7,-227.7070830590605,-17.017053910971157,10.41250209907426,-5.377806401363756,-5.043489636990162,0.0,184.31008544677795,158.68923962887618,3.177143858188488,6.839794019044582,-inf,0.12833698551829267,0.0,False,,,
r200_d400_t0,2,28,0,5e-08,"(8, 16)","(2, 4)",1.5233356605691057,1249.1352416666666,200,400,14,0.0,26.0,1.0,,mc_uas_8,-196.05017966869514,-47.93149191918501,17.51713920819536,5.469812601691013,4.188398804028601,0.0,144.81539104074884,165.55789141002396,-4.246640754773725,-inf,-5.41550071347101,0.5,0.0,False,,,
r200_d400_t0,2,28,0,5e-08,"(8, 16)","(2, 4)",1.5233356605691057,1249.1352416666666,200,400,14,0.0,26.0,1.0,,mc_uas_9,-109.44296396215498,-118.28527615127423,13.179476822201348,5.366964380952419,-0.09957928332167075,0.0,63.574677590155694,-147.3186017460191,-4.457944444434987,19.126296506140477,2.722629102279498,0.0,365.1205936920222,False,,,
r200_d400_t0,2,28,0,5e-08,"(8, 16)","(2, 4)",1.5233356605691057,1249.1352416666666,200,400,14,0.0,26.0,1.0,,mc_uas_10,-126.71818163873387,-127.28083088347348,15.892536438715759,1.847731678121989,5.319674842659392,0.0,83.12047594867573,-148.53259929003676,-4.34198875227967,6.007670728731888,2.440155332768136,0.1519995712652439,0.0,False,,,
r200_d400_t0,2,28,0,5e-08,"(8, 16)","(2, 4)",1.5233356605691057,1249.1352416666666,200,400,14,0.0,26.0,1.0,,mc_uas_11,-109.28266186071016,-69.65189669471137,11.67908996327307,-0.2531354439496285,0.4607772954178541,0.0,55.20624481457489,164.9287332923341,0.36407132142067694,20.148665555117443,3.245069880939701,0.0,365.1205936920222,False,,,
r200_d400_t0,2,28,0,5e-08,"(8, 16)","(2, 4)",1.5233356605691057,1249.1352416666666,200,400,14,0.0,26.0,1.0,,mc_uas_12,-95.4090170384548,-95.79667204209196,8.557047100221338,7.365728698233369,1.157774236265267,0.0,41.16204815454249,-163.33548576918483,-7.383840803844407,20.060213112045737,-1.2562544330254442,0.0006097560975609756,365.1205936920222,False,,,
r200_d400_t0,2,28,0,5e-08,"(8, 16)","(2, 4)",1.5233356605691057,1249.1352416666666,200,400,14,0.0,26.0,1.0,,mc_uas_13,-151.16811452390112,-57.87954124321956,16.47190669433283,-0.26829025409830354,-0.4056943522476368,0.0,98.89961559055313,164.65217110642007,0.15101934363188155,6.174998392946392,4.743806367922391,0.15792087461890245,0.0,False,,,
r200_d400_t0,2,28,0,5e-07,"(8, 16)","(2, 4)",1.5233356605691057,1249.1352416666666,200,400,14,0.0,26.0,1.0,,mc_uas_0,-107.47701438170384,-116.09790058039013,14.05159165426036,1.1258611517098376,2.0794314448183853,0.0,60.79945416083622,-148.05487208269037,-2.0510275330434213,10.567044867167452,2.0940611140438135,0.047990901295731705,0.0,False,,,
r200_d400_t0,2,28,0,5e-07,"(8, 16)","(2, 4)",1.5233356605691057,1249.1352416666666,200,400,14,0.0,26.0,1.0,,mc_uas_1,-180.5557668886994,-176.14896820578315,17.676979826868184,1.6919154895884658,5.574579559844709,0.0,155.12739095944534,-143.50518757882548,-4.669901179003814,11.17566503940919,1.6447975488910913,0.08007455221036586,0.0,False,,,
r200_d400_t0,2,28,0,5e-07,"(8, 16)","(2, 4)",1.5233356605691057,1249.1352416666666,200,400,14,0.0,26.0,1.0,,mc_uas_2,-123.9972882705126,-137.81040925537087,16.826926528427002,5.195614264143227,-1.695678418706887,0.0,86.98159737667638,-141.6432784607102,-3.012620359803621,16.376476298938343,4.7742468264442905,0.0,365.1205936920222,False,,,
r200_d400_t0,2,28,0,5e-07,"(8, 16)","(2, 4)",1.5233356605691057,1249.1352416666666,200,400,14,0.0,26.0,1.0,,mc_uas_3,-116.5138489529389,-132.41342516173998,10.892779241219191,0.2644409486990866,8.63503871585589,0.0,77.50214645907592,-141.33883735606418,-5.600543470038755,16.41463704263011,-0.8646672188030262,0.0006097560975609756,365.1205936920222,False,,,
r200_d400_t0,2,28,0,5e-07,"(8, 16)","(2, 4)",1.5233356605691057,1249.1352416666666,200,400,14,0.0,26.0,1.0,,mc_uas_4,-166.13580278163852,-42.63495183262915,9.176256028784797,-7.391353498120794,5.413505427558301,0.0,117.65050283944815,159.41471487474482,8.822593519554795,11.848072542311543,2.0691164148460213,0.0398901962652439,0.0,False,,,
r200_d400_t0,2,28,0,5e-07,"(8, 16)","(2, 4)",1.5233356605691057,1249.1352416666666,200,400,14,0.0,26.0,1.0,,mc_uas_5,-232.32918229620043,-16.49579553540383,17.43910766427087,-2.373738548936157,4.660702124122185,0.0,188.95538751907898,159.0516255366859,3.8801559250602167,8.45104812465147,0.24515871644905002,0.09821836890243903,0.0,False,,,
r200_d400_t0,2,28,0,5e-07,"(8, 16)","(2, 4)",1.5233356605691057,1249.1352416666666,200,400,14,0.0,26.0,1.0,,mc_uas_6,-118.11080732004044,-65.90410153223819,13.884908036900939,-3.50951826534406,9.363487545594305,0.0,64.80977115958605,163.75659039866926,5.9777981894150045,13.443776313629694,-1.4507849620641893,0.011361471036585366,0.0,False,,,
r200_d400_t0,2,28,0,5e-07,"(8, 16)","(2, 4)",1.5233356605691057,1249.1352416666666,200,400,14,0.0,26.0,1.0,,mc_uas_7,-227.7070830590605,-17.017053910971157,10.41250209907426,-5.377806401363756,-5.043489636990162,0.0,184.31008544677795,158.68923962887618,3.177143858188488,6.839794019044582,-inf,0.12833698551829267,0.0,False,,,
r200_d400_t0,2,28,0,5e-07,"(8, 16)","(2, 4)",1.5233356605691057,1249.1352416666666,200,400,14,0.0,26.0,1.0,,mc_uas_8,-196.05017966869514,-47.93149191918501,17.51713920819536,5.469812601691013,4.188398804028601,0.0,144.81539104074884,165.55789141002396,-4.246640754773725,-inf,-5.41550071347101,0.5,0.0,False,,,
r200_d400_t0,2,28,0,5e-07,"(8, 16)","(2, 4)",1.5233356605691057,1249.1352416666666,200,400,14,0.0,26.0,1.0,,mc_uas_9,-109.44296396215498,-118.28527615127423,13.179476822201348,5.366964380952419,-0.09957928332167075,0.0,63.574677590155694,-147.3186017460191,-4.457944444434987,19.126296506140477,2.722629102279498,0.0,365.1205936920222,False,,,
r200_d400_t0,2,28,0,5e-07,"(8, 16)","(2, 4)",1.5233356605691057,1249.1352416666666,200,400,14,0.0,26.0,1.0,,mc_uas_10,-126.71818163873387,-127.28083088347348,15.892536438715759,1.847731678121989,5.319674842659392,0.0,83.12047594867573,-148.53259929003676,-4.34198875227967,6.007670728731888,2.440155332768136,0.1519995712652439,0.0,False,,,
r200_d400_t0,2,28,0,5e-07,"(8, 16)","(2, 4)",1.5233356605691057,1249.1352416666666,200,400,14,0.0,26.0,1.0,,mc_uas_11,-109.28266186071016,-69.65189669471137,11.67908996327307,-0.2531354439496285,0.4607772954178541,0.0,55.20624481457489,164.9287332923341,0.36407132142067694,20.148665555117443,3.245069880939701,0.0,365.1205936920222,False,,,
r200_d400_t0,2,28,0,5e-07,"(8, 16)","(2, 4)",1.5233356605691057,1249.1352416666666,200,400,14,0.0,26.0,1.0,,mc_uas_12,-95.4090170384548,-95.79667204209196,8.557047100221338,7.365728698233369,1.157774236265267,0.0,41.16204815454249,-163.33548576918483,-7.383840803844407,20.060213112045737,-1.2562544330254442,0.0006097560975609756,365.1205936920222,False,,,
r200_d400_t0,2,28,0,5e-07,"(8, 16)","(2, 4)",1.5233356605691057,1249.1352416666666,200,400,14,0.0,26.0,1.0,,mc_uas_13,-151.16811452390112,-57.87954124321956,16.47190669433283,-0.26829025409830354,-0.4056943522476368,0.0,98.89961559055313,164.65217110642007,0.15101934363188155,6.174998392946392,4.743806367922391,0.15792087461890245,0.0,False,,,
r50_d400_t0,0,28,2,5e-09,"(8, 16)","(2, 4)",1.5233356605691057,624.5676208333333,50,400,1,1.0,28.0,0.9655172413793104,0.48287626963387953,mc_uas_0,-66.29782273549291,-84.32665124994195,13.861230648127329,-8.847880390546884,-4.258656813253303,0.0,11.00277038971373,-178.18316307271618,8.407427960534346,90.21021445122548,79.32123226170488,0.0,182.5602968460111,True,0.48287626963387953,0.33942076572999014,1.816836927283858
r50_d400_t0,0,28,2,5e-08,"(8, 16)","(2, 4)",1.5233356605691057,624.5676208333333,50,400,1,1.0,29.0,0.9666666666666667,0.48287626963387953,mc_uas_0,-66.29782273549291,-84.32665124994195,13.861230648127329,-8.847880390546884,-4.258656813253303,0.0,11.00277038971373,-178.18316307271618,8.407427960534346,90.21021445122548,79.32123226170488,0.0,182.5602968460111,True,0.48287626963387953,0.33942076572999014,1.816836927283858
r50_d400_t0,0,28,2,5e-07,"(8, 16)","(2, 4)",1.5233356605691057,624.5676208333333,50,400,1,1.0,32.0,0.9696969696969697,0.48287626963387953,mc_uas_0,-66.29782273549291,-84.32665124994195,13.861230648127329,-8.847880390546884,-4.258656813253303,0.0,11.00277038971373,-178.18316307271618,8.407427960534346,90.21021445122548,79.32123226170488,0.0,182.5602968460111,True,0.48287626963387953,0.33942076572999014,1.816836927283858
r100_d400_t0,1,28,2,5e-09,"(8, 16)","(2, 4)",1.5233356605691057,624.5676208333333,100,400,5,0.4,38.0,0.926829268292683,2.486769605193054,mc_uas_0,-146.75328080733266,-77.5551617751991,15.911339481728053,0.2193628620932205,1.2572127492620646,0.0,91.17366863029406,175.9379633016395,-0.12948219388829657,36.01961150294172,-0.366510831141566,0.0,182.5602968460111,False,,,
r100_d400_t0,1,28,2,5e-09,"(8, 16)","(2, 4)",1.5233356605691057,624.5676208333333,100,400,5,0.4,38.0,0.926829268292683,2.486769605193054,mc_uas_1,-107.93605704697376,-121.37549751659385,15.5926850053958,-4.280039900119251,3.643001159311972,0.0,64.23052204185332,-144.25952976498144,1.3409421704058588,53.36241595171148,-1.2231605282256222,0.0,182.5602968460111,False,,,
r100_d400_t0,1,28,2,5e-09,"(8, 16)","(2, 4)",1.5233356605691057,624.5676208333333,100,400,5,0.4,38.0,0.926829268292683,2.486769605193054,mc_uas_2,-70.67455502175989,-92.00116353331057,17.176922571709127,-6.251144723187854,-4.857483343741923,0.0,18.189815847713938,-151.39898751544936,7.1797475508488375,24.188376915736,77.96188208853965,0.0,182.5602968460111,True,1.495176449666823,1.4331235814537706,1.398987515449347
r100_d400_t0,1,28,2,5e-09,"(8, 16)","(2, 4)",1.5233356605691057,624.5676208333333,100,400,5,0.4,38.0,0.926829268292683,2.486769605193054,mc_uas_3,-125.295161147555,-59.887672379275216,13.003564307368709,-0.9525900078060758,-8.559824911143098,0.0,73.43190791681286,160.81386495030182,-1.9118041259950456,20.85811937987391,0.612709599760607,0.0,182.5602968460111,False,,,
r100_d400_t0,1,28,2,5e-09,"(8, 16)","(2, 4)",1.5233356605691057,624.5676208333333,100,400,5,0.4,38.0,0.926829268292683,2.486769605193054,mc_uas_4,-107.16070775580648,-86.92836465591884,15.687717599091664,-1.409179130533591,5.850928166134772,0.0,51.55912595380268,-176.72404723600053,1.065979095068966,36.82728300265988,63.777804049217615,0.0,182.5602968460111,True,3.18315779109138,1.289049155022191,3.2759527639994492
r100_d400_t0,1,28,2,5e-08,"(8, 16)","(2, 4)",1.5233356605691057,624.5676208333333,100,400,5,0.4,40.0,0.9302325581395349,2.486769605193054,mc_uas_0,-146.75328080733266,-77.5551617751991,15.911339481728053,0.2193628620932205,1.2572127492620646,0.0,91.17366863029406,175.9379633016395,-0.12948219388829657,36.01961150294172,-0.366510831141566,0.0,182.5602968460111,False,,,
r100_d400_t0,1,28,2,5e-08,"(8, 16)","(2, 4)",1.5233356605691057,624.5676208333333,100,400,5,0.4,40.0,0.9302325581395349,2.486769605193054,mc_uas_1,-107.93605704697376,-121.37549751659385,15.5926850053958,-4.280039900119251,3.643001159311972,0.0,64.23052204185332,-144.25952976498144,1.3409421704058588,53.36241595171148,-1.2231605282256222,0.0,182.5602968460111,False,,,
r100_d400_t0,1,28,2,5e-08,"(8, 16)","(2, 4)",1.5233356605691057,624.5676208333333,100,400,5,0.4,40.0,0.9302325581395349,2.486769605193054,mc_uas_2,-70.67455502175989,-92.00116353331057,17.176922571709127,-6.251144723187854,-4.857483343741923,0.0,18.189815847713938,-151.39898751544936,7.1797475508488375,24.188376915736,77.96188208853965,0.0,182.5602968460111,True,1.495176449666823,1.4331235814537706,1.398987515449347
r100_d400_t0,1,28,2,5e-08,"(8, 16)","(2, 4)",1.5233356605691057,624.5676208333333,100,400,5,0.4,40.0,0.9302325581395349,2.486769605193054,mc_uas_3,-125.295161147555,-59.887672379275216,13.003564307368709,-0.9525900078060758,-8.559824911143098,0.0,73.43190791681286,160.81386495030182,-1.9118041259950456,20.85811937987391,0.612709599760607,0.0,182.5602968460111,False,,,
r100_d400_t0,1,28,2,5e-08,"(8, 16)","(2, 4)",1.5233356605691057,624.5676208333333,100,400,5,0.4,40.0,0.9302325581395349,2.486769605193054,mc_uas_4,-107.16070775580648,-86.92836465591884,15.687717599091664,-1.409179130533591,5.850928166134772,0.0,51.55912595380268,-176.72404723600053,1.065979095068966,36.82728300265988,63.777804049217615,0.0,182.5602968460111,True,3.18315779109138,1.289049155022191,3.2759527639994492
r100_d400_t0,1,28,2,5e-07,"(8, 16)","(2, 4)",1.5233356605691057,624.5676208333333,100,400,5,0.4,40.0,0.9302325581395349,2.486769605193054,mc_uas_0,-146.75328080733266,-77.5551617751991,15.911339481728053,0.2193628620932205,1.2572127492620646,0.0,91.17366863029406,175.9379633016395,-0.12948219388829657,36.01961150294172,-0.366510831141566,0.0,182.5602968460111,False,,,
r100_d400_t0,1,28,2,5e-07,"(8, 16)","(2, 4)",1.5233356605691057,624.5676208333333,100,400,5,0.4,40.0,0.9302325581395349,2.486769605193054,mc_uas_1,-107.93605704697376,-121.37549751659385,15.5926850053958,-4.280039900119251,3.643001159311972,0.0,64.23052204185332,-144.25952976498144,1.3409421704058588,53.36241595171148,-1.2231605282256222,0.0,182.5602968460111,False,,,
r100_d400_t0,1,28,2,5e-07,"(8, 16)","(2, 4)",1.5233356605691057,624.5676208333333,100,400,5,0.4,40.0,0.9302325581395349,2.486769605193054,mc_uas_2,-70.67455502175989,-92.00116353331057,17.176922571709127,-6.251144723187854,-4.857483343741923,0.0,18.189815847713938,-151.39898751544936,7.1797475508488375,24.188376915736,77.96188208853965,0.0,182.5602968460111,True,1.495176449666823,1.4331235814537706,1.398987515449347
r100_d400_t0,1,28,2,5e-07,"(8, 16)","(2, 4)",1.5233356605691057,624.5676208333333,100,400,5,0.4,40.0,0.9302325581395349,2.486769605193054,mc_uas_3,-125.295161147555,-59.887672379275216,13.003564307368709,-0.9525900078060758,-8.559824911143098,0.0,73.43190791681286,160.81386495030182,-1.9118041259950456,20.85811937987391,0.612709599760607,0.0,182.5602968460111,False,,,
r100_d400_t0,1,28,2,5e-07,"(8, 16)","(2, 4)",1.5233356605691057,624.5676208333333,100,400,5,0.4,40.0,0.9302325581395349,2.486769605193054,mc_uas_4,-107.16070775580648,-86.92836465591884,15.687717599091664,-1.409179130533591,5.850928166134772,0.0,51.55912595380268,-176.72404723600053,1.065979095068966,36.82728300265988,63.777804049217615,0.0,182.5602968460111,True,3.18315779109138,1.289049155022191,3.2759527639994492
r200_d400_t0,2,28,2,5e-09,"(8, 16)","(2, 4)",1.5233356605691057,624.5676208333333,200,400,14,0.0,34.0,1.0,,mc_uas_0,-107.47701438170384,-116.09790058039013,14.05159165426036,1.1258611517098376,2.0794314448183853,0.0,60.79945416083622,-148.05487208269037,-2.0510275330434213,11.401702562880802,-1.3519992408111765,0.03714272103658536,0.0,False,,,
r200_d400_t0,2,28,2,5e-09,"(8, 16)","(2, 4)",1.5233356605691057,624.5676208333333,200,400,14,0.0,34.0,1.0,,mc_uas_1,-180.5557668886994,-176.14896820578315,17.676979826868184,1.6919154895884658,5.574579559844709,0.0,155.12739095944534,-143.50518757882548,-4.669901179003814,24.395440365031934,-inf,0.0,182.5602968460111,False,,,
r200_d400_t0,2,28,2,5e-09,"(8, 16)","(2, 4)",1.5233356605691057,624.5676208333333,200,400,14,0.0,34.0,1.0,,mc_uas_2,-123.9972882705126,-137.81040925537087,16.826926528427002,5.195614264143227,-1.695678418706887,0.0,86.98159737667638,-141.6432784607102,-3.012620359803621,40.177249511163204,-4.466959827192561,0.0,182.5602968460111,False,,,
r200_d400_t0,2,28,2,5e-09,"(8, 16)","(2, 4)",1.5233356605691057,624.5676208333333,200,400,14,0.0,34.0,1.0,,mc_uas_3,-116.5138489529389,-132.41342516173998,10.892779241219191,0.2644409486990866,8.63503871585589,0.0,77.50214645907592,-141.33883735606418,-5.600543470038755,39.94406534470362,3.469167472618142,0.0,182.5602968460111,False,,,
r200_d400_t0,2,28,2,5e-09,"(8, 16)","(2, 4)",1.5233356605691057,624.5676208333333,200,400,14,0.0,34.0,1.0,,mc_uas_4,-166.13580278163852,-42.63495183262915,9.176256028784797,-7.391353498120794,5.413505427558301,0.0,117.65050283944815,159.41471487474482,8.822593519554795,16.35682448006282,2.0104470493720092,0.0013266958841463416,182.5602968460111,False,,,
r200_d400_t0,2,28,2,5e-09,"(8, 16)","(2, 4)",1.5233356605691057,624.5676208333333,200,400,14,0.0,34.0,1.0,,mc_uas_5,-232.32918229620043,-16.49579553540383,17.43910766427087,-2.373738548936157,4.660702124122185,0.0,188.95538751907898,159.0516255366859,3.8801559250602167,14.845188341721776,-0.3851222908557533,0.005035251524390244,182.5602968460111,False,,,
r200_d400_t0,2,28,2,5e-09,"(8, 16)","(2, 4)",1.5233356605691057,624.5676208333333,200,400,14,0.0,34.0,1.0,,mc_uas_6,-118.11080732004044,-65.90410153223819,13.884908036900939,-3.50951826534406,9.363487545594305,0.0,64.80977115958605,163.75659039866926,5.9777981894150045,15.571740991446934,1.0963568399220671,0.0023628048780487804,182.5602968460111,False,,,
r200_d400_t0,2,28,2,5e-09,"(8, 16)","(2, 4)",1.5233356605691057,624.5676208333333,200,400,14,0.0,34.0,1.0,,mc_uas_7,-227.7070830590605,-17.017053910971157,10.41250209907426,-5.377806401363756,-5.043489636990162,0.0,184.31008544677795,158.68923962887618,3.177143858188488,9.85016515838789,-0.054893972993572834,0.06159727515243903,0.0,False,,,
r200_d400_t0,2,28,2,5e-09,"(8, 16)","(2, 4)",1.5233356605691057,624.5676208333333,200,400,14,0.0,34.0,1.0,,mc_uas_8,-196.05017966869514,-47.93149191918501,17.51713920819536,5.469812601691013,4.188398804028601,0.0,144.81539104074884,165.55789141002396,-4.246640754773725,-inf,-5.791404169288844,0.5,0.0,False,,,
r200_d400_t0,2,28,2,5e-09,"(8, 16)","(2, 4)",1.5233356605691057,624.5676208333333,200,400,14,0.0,34.0,1.0,,mc_uas_9,-109.44296396215498,-118.28527615127423,13.179476822201348,5.366964380952419,-0.09957928332167075,0.0,63.574677590155694,-147.3186017460191,-4.457944444434987,33.18747541815638,7.22796620644112,0.0,182.5602968460111,False,,,
r200_d400_t0,2,28,2,5e-09,"(8, 16)","(2, 4)",1.5233356605691057,624.5676208333333,200,400,14,0.0,34.0,1.0,,mc_uas_10,-126.71818163873387,-127.28083088347348,15.892536438715759,1.847731678121989,5.319674842659392,0.0,83.12047594867573,-148.53259929003676,-4.34198875227967,6.456989173467048,-3.9079680225027595,0.1442430449695122,0.0,False,,,
r200_d400_t0,2,28,2,5e-09,"(8, 16)","(2, 4)",1.5233356605691057,624.5676208333333,200,400,14,0.0,34.0,1.0,,mc_uas_11,-109.28266186071016,-69.65189669471137,11.67908996327307,-0.2531354439496285,0.4607772954178541,0.0,55.20624481457489,164.9287332923341,0.36407132142067694,37.984439898037806,2.660700850996886,0.0,182.5602968460111,False,,,
r200_d400_t0,2,28,2,5e-09,"(8, 16)","(2, 4)",1.5233356605691057,624.5676208333333,200,400,14,0.0,34.0,1.0,,mc_uas_12,-95.4090170384548,-95.79667204209196,8.557047100221338,7.365728698233369,1.157774236265267,0.0,41.16204815454249,-163.33548576918483,-7.383840803844407,68.3251653456048,-15.870726652388893,0.0,182.5602968460111,False,,,
r200_d400_t0,2,28,2,5e-09,"(8, 16)","(2, 4)",1.5233356605691057,624.5676208333333,200,400,14,0.0,34.0,1.0,,mc_uas_13,-151.16811452390112,-57.87954124321956,16.47190669433283,-0.26829025409830354,-0.4056943522476368,0.0,98.89961559055313,164.65217110642007,0.15101934363188155,6.742812215745834,-1.0379943643978737,0.14573170731707316,0.0,False,,,
r200_d400_t0,2,28,2,5e-08,"(8, 16)","(2, 4)",1.5233356605691057,624.5676208333333,200,400,14,0.0,35.0,1.0,,mc_uas_0,-107.47701438170384,-116.09790058039013,14.05159165426036,1.1258611517098376,2.0794314448183853,0.0,60.79945416083622,-148.05487208269037,-2.0510275330434213,11.401702562880802,-1.3519992408111765,0.03714272103658536,0.0,False,,,
r200_d400_t0,2,28,2,5e-08,"(8, 16)","(2, 4)",1.5233356605691057,624.5676208333333,200,400,14,0.0,35.0,1.0,,mc_uas_1,-180.5557668886994,-176.14896820578315,17.676979826868184,1.6919154895884658,5.574579559844709,0.0,155.12739095944534,-143.50518757882548,-4.669901179003814,24.395440365031934,-inf,0.0,182.5602968460111,False,,,
r200_d400_t0,2,28,2,5e-08,"(8, 16)","(2, 4)",1.5233356605691057,624.5676208333333,200,400,14,0.0,35.0,1.0,,mc_uas_2,-123.9972882705126,-137.81040925537087,16.826926528427002,5.195614264143227,-1.695678418706887,0.0,86.98159737667638,-141.6432784607102,-3.012620359803621,40.177249511163204,-4.466959827192561,0.0,182.5602968460111,False,,,
r200_d400_t0,2,28,2,5e-08,"(8, 16)","(2, 4)",1.5233356605691057,624.5676208333333,200,400,14,0.0,35.0,1.0,,mc_uas_3,-116.5138489529389,-132.41342516173998,10.892779241219191,0.2644409486990866,8.63503871585589,0.0,77.50214645907592,-141.33883735606418,-5.600543470038755,39.94406534470362,3.469167472618142,0.0,182.5602968460111,False,,,
r200_d400_t0,2,28,2,5e-08,"(8, 16)","(2, 4)",1.5233356605691057,624.5676208333333,200,400,14,0.0,35.0,1.0,,mc_uas_4,-166.13580278163852,-42.63495183262915,9.176256028784797,-7.391353498120794,5.413505427558301,0.0,117.65050283944815,159.41471487474482,8.822593519554795,16.35682448006282,2.0104470493720092,0.0013266958841463416,182.5602968460111,False,,,
r200_d400_t0,2,28,2,5e-08,"(8, 16)","(2, 4)",1.5233356605691057,624.5676208333333,200,400,14,0.0,35.0,1.0,,mc_uas_5,-232.32918229620043,-16.49579553540383,17.43910766427087,-2.373738548936157,4.660702124122185,0.0,188.95538751907898,159.0516255366859,3.8801559250602167,14.845188341721776,-0.3851222908557533,0.005035251524390244,182.5602968460111,False,,,
r200_d400_t0,2,28,2,5e-08,"(8, 16)","(2, 4)",1.5233356605691057,624.5676208333333,200,400,14,0.0,35.0,1.0,,mc_uas_6,-118.11080732004044,-65.90410153223819,13.884908036900939,-3.50951826534406,9.363487545594305,0.0,64.80977115958605,163.75659039866926,5.9777981894150045,15.571740991446934,1.0963568399220671,0.0023628048780487804,182.5602968460111,False,,,
r200_d400_t0,2,28,2,5e-08,"(8, 16)","(2, 4)",1.5233356605691057,624.5676208333333,200,400,14,0.0,35.0,1.0,,mc_uas_7,-227.7070830590605,-17.017053910971157,10.41250209907426,-5.377806401363756,-5.043489636990162,0.0,184.31008544677795,158.68923962887618,3.177143858188488,9.85016515838789,-0.054893972993572834,0.06159727515243903,0.0,False,,,
r200_d400_t0,2,28,2,5e-08,"(8, 16)","(2, 4)",1.5233356605691057,624.5676208333333,200,400,14,0.0,35.0,1.0,,mc_uas_8,-196.05017966869514,-47.93149191918501,17.51713920819536,5.469812601691013,4.188398804028601,0.0,144.81539104074884,165.55789141002396,-4.246640754773725,-inf,-5.791404169288844,0.5,0.0,False,,,
r200_d400_t0,2,28,2,5e-08,"(8, 16)","(2, 4)",1.5233356605691057,624.5676208333333,200,400,14,0.0,35.0,1.0,,mc_uas_9,-109.44296396215498,-118.28527615127423,13.179476822201348,5.366964380952419,-0.09957928332167075,0.0,63.574677590155694,-147.3186017460191,-4.457944444434987,33.18747541815638,7.22796620644112,0.0,182.5602968460111,False,,,
r200_d400_t0,2,28,2,5e-08,"(8, 16)","(2, 4)",1.5233356605691057,624.5676208333333,200,400,14,0.0,35.0,1.0,,mc_uas_10,-126.71818163873387,-127.28083088347348,15.892536438715759,1.847731678121989,5.319674842659392,0.0,83.12047594867573,-148.53259929003676,-4.34198875227967,6.456989173467048,-3.9079680225027595,0.1442430449695122,0.0,False,,,
r200_d400_t0,2,28,2,5e-08,"(8, 16)","(2, 4)",1.5233356605691057,624.5676208333333,200,400,14,0.0,35.0,1.0,,mc_uas_11,-109.28266186071016,-69.65189669471137,11.67908996327307,-0.2531354439496285,0.4607772954178541,0.0,55.20624481457489,164.9287332923341,0.36407132142067694,37.984439898037806,2.660700850996886,0.0,182.5602968460111,False,,,
r200_d400_t0,2,28,2,5e-08,"(8, 16)","(2, 4)",1.5233356605691057,624.5676208333333,200,400,14,0.0,35.0,1.0,,mc_uas_12,-95.4090170384548,-95.79667204209196,8.557047100221338,7.365728698233369,1.157774236265267,0.0,41.16204815454249,-163.33548576918483,-7.383840803844407,68.3251653456048,-15.870726652388893,0.0,182.5602968460111,False,,,
r200_d400_t0,2,28,2,5e-08,"(8, 16)","(2, 4)",1.5233356605691057,624.5676208333333,200,400,14,0.0,35.0,1.0,,mc_uas_13,-151.16811452390112,-57.87954124321956,16.47190669433283,-0.26829025409830354,-0.4056943522476368,0.0,98.89961559055313,164.65217110642007,0.15101934363188155,6.742812215745834,-1.0379943643978737,0.14573170731707316,0.0,False,,,
r200_d400_t0,2,28,2,5e-07,"(8, 16)","(2, 4)",1.5233356605691057,624.5676208333333,200,400,14,0.0,36.0,1.0,,mc_uas_0,-107.47701438170384,-116.09790058039013,14.05159165426036,1.1258611517098376,2.0794314448183853,0.0,60.79945416083622,-148.05487208269037,-2.0510275330434213,11.401702562880802,-1.3519992408111765,0.03714272103658536,0.0,False,,,
r200_d400_t0,2,28,2,5e-07,"(8, 16)","(2, 4)",1.5233356605691057,624.5676208333333,200,400,14,0.0,36.0,1.0,,mc_uas_1,-180.5557668886994,-176.14896820578315,17.676979826868184,1.6919154895884658,5.574579559844709,0.0,155.12739095944534,-143.50518757882548,-4.669901179003814,24.395440365031934,-inf,0.0,182.5602968460111,False,,,
r200_d400_t0,2,28,2,5e-07,"(8, 16)","(2, 4)",1.5233356605691057,624.5676208333333,200,400,14,0.0,36.0,1.0,,mc_uas_2,-123.9972882705126,-137.81040925537087,16.826926528427002,5.195614264143227,-1.695678418706887,0.0,86.98159737667638,-141.6432784607102,-3.012620359803621,40.177249511163204,-4.466959827192561,0.0,182.5602968460111,False,,,
r200_d400_t0,2,28,2,5e-07,"(8, 16)","(2, 4)",1.5233356605691057,624.5676208333333,200,400,14,0.0,36.0,1.0,,mc_uas_3,-116.5138489529389,-132.41342516173998,10.892779241219191,0.2644409486990866,8.63503871585589,0.0,77.50214645907592,-141.33883735606418,-5.600543470038755,39.94406534470362,3.469167472618142,0.0,182.5602968460111,False,,,
r200_d400_t0,2,28,2,5e-07,"(8, 16)","(2, 4)",1.5233356605691057,624.5676208333333,200,400,14,0.0,36.0,1.0,,mc_uas_4,-166.13580278163852,-42.63495183262915,9.176256028784797,-7.391353498120794,5.413505427558301,0.0,117.65050283944815,159.41471487474482,8.822593519554795,16.35682448006282,2.0104470493720092,0.0013266958841463416,182.5602968460111,False,,,
r200_d400_t0,2,28,2,5e-07,"(8, 16)","(2, 4)",1.5233356605691057,624.5676208333333,200,400,14,0.0,36.0,1.0,,mc_uas_5,-232.32918229620043,-16.49579553540383,17.43910766427087,-2.373738548936157,4.660702124122185,0.0,188.95538751907898,159.0516255366859,3.8801559250602167,14.845188341721776,-0.3851222908557533,0.005035251524390244,182.5602968460111,False,,,
r200_d400_t0,2,28,2,5e-07,"(8, 16)","(2, 4)",1.5233356605691057,624.5676208333333,200,400,14,0.0,36.0,1.0,,mc_uas_6,-118.11080732004044,-65.90410153223819,13.884908036900939,-3.50951826534406,9.363487545594305,0.0,64.80977115958605,163.75659039866926,5.9777981894150045,15.571740991446934,1.0963568399220671,0.0023628048780487804,182.5602968460111,False,,,
r200_d400_t0,2,28,2,5e-07,"(8, 16)","(2, 4)",1.5233356605691057,624.5676208333333,200,400,14,0.0,36.0,1.0,,mc_uas_7,-227.7070830590605,-17.017053910971157,10.41250209907426,-5.377806401363756,-5.043489636990162,0.0,184.31008544677795,158.68923962887618,3.177143858188488,9.85016515838789,-0.054893972993572834,0.06159727515243903,0.0,False,,,
r200_d400_t0,2,28,2,5e-07,"(8, 16)","(2, 4)",1.5233356605691057,624.5676208333333,200,400,14,0.0,36.0,1.0,,mc_uas_8,-196.05017966869514,-47.93149191918501,17.51713920819536,5.469812601691013,4.188398804028601,0.0,144.81539104074884,165.55789141002396,-4.246640754773725,-inf,-5.791404169288844,0.5,0.0,False,,,
r200_d400_t0,2,28,2,5e-07,"(8, 16)","(2, 4)",1.5233356605691057,624.5676208333333,200,400,14,0.0,36.0,1.0,,mc_uas_9,-109.44296396215498,-118.28527615127423,13.179476822201348,5.366964380952419,-0.09957928332167075,0.0,63.574677590155694,-147.3186017460191,-4.457944444434987,33.18747541815638,7.22796620644112,0.0,182.5602968460111,False,,,
r200_d400_t0,2,28,2,5e-07,"(8, 16)","(2, 4)",1.5233356605691057,624.5676208333333,200,400,14,0.0,36.0,1.0,,mc_uas_10,-126.71818163873387,-127.28083088347348,15.892536438715759,1.847731678121989,5.319674842659392,0.0,83.12047594867573,-148.53259929003676,-4.34198875227967,6.456989173467048,-3.9079680225027595,0.1442430449695122,0.0,False,,,
r200_d400_t0,2,28,2,5e-07,"(8, 16)","(2, 4)",1.5233356605691057,624.5676208333333,200,400,14,0.0,36.0,1.0,,mc_uas_11,-109.28266186071016,-69.65189669471137,11.67908996327307,-0.2531354439496285,0.4607772954178541,0.0,55.20624481457489,164.9287332923341,0.36407132142067694,37.984439898037806,2.660700850996886,0.0,182.5602968460111,False,,,
r200_d400_t0,2,28,2,5e-07,"(8, 16)","(2, 4)",1.5233356605691057,624.5676208333333,200,400,14,0.0,36.0,1.0,,mc_uas_12,-95.4090170384548,-95.79667204209196,8.557047100221338,7.365728698233369,1.157774236265267,0.0,41.16204815454249,-163.33548576918483,-7.383840803844407,68.3251653456048,-15.870726652388893,0.0,182.5602968460111,False,,,
r200_d400_t0,2,28,2,5e-07,"(8, 16)","(2, 4)",1.5233356605691057,624.5676208333333,200,400,14,0.0,36.0,1.0,,mc_uas_13,-151.16811452390112,-57.87954124321956,16.47190669433283,-0.26829025409830354,-0.4056943522476368,0.0,98.89961559055313,164.65217110642007,0.15101934363188155,6.742812215745834,-1.0379943643978737,0.14573170731707316,0.0,False,,,
r50_d400_t0,0,28,4,5e-09,"(8, 16)","(2, 4)",1.5233356605691057,312.28381041666665,50,400,1,1.0,29.0,0.9666666666666667,0.48287626963387953,mc_uas_0,-66.29782273549291,-84.32665124994195,13.861230648127329,-8.847880390546884,-4.258656813253303,0.0,11.00277038971373,-178.18316307271618,8.407427960534346,90.19299770562212,75.36609907156544,0.0,273.8404452690167,True,0.48287626963387953,0.33942076572999014,1.816836927283858
r50_d400_t0,0,28,4,5e-08,"(8, 16)","(2, 4)",1.5233356605691057,312.28381041666665,50,400,1,1.0,32.0,0.9696969696969697,0.48287626963387953,mc_uas_0,-66.29782273549291,-84.32665124994195,13.861230648127329,-8.847880390546884,-4.258656813253303,0.0,11.00277038971373,-178.18316307271618,8.407427960534346,90.19299770562212,75.36609907156544,0.0,273.8404452690167,True,0.48287626963387953,0.33942076572999014,1.816836927283858
r50_d400_t0,0,28,4,5e-07,"(8, 16)","(2, 4)",1.5233356605691057,312.28381041666665,50,400,1,1.0,34.0,0.9714285714285714,0.48287626963387953,mc_uas_0,-66.29782273549291,-84.32665124994195,13.861230648127329,-8.847880390546884,-4.258656813253303,0.0,11.00277038971373,-178.18316307271618,8.407427960534346,90.19299770562212,75.36609907156544,0.0,273.8404452690167,True,0.48287626963387953,0.33942076572999014,1.816836927283858
r100_d400_t0,1,28,4,5e-09,"(8, 16)","(2, 4)",1.5233356605691057,312.28381041666665,100,400,5,0.4,38.0,0.926829268292683,2.486769605193054,mc_uas_0,-146.75328080733266,-77.5551617751991,15.911339481728053,0.2193628620932205,1.2572127492620646,0.0,91.17366863029406,175.9379633016395,-0.12948219388829657,36.02535400465158,1.313062309371328,0.0,273.8404452690167,False,,,
r100_d400_t0,1,28,4,5e-09,"(8, 16)","(2, 4)",1.5233356605691057,312.28381041666665,100,400,5,0.4,38.0,0.926829268292683,2.486769605193054,mc_uas_1,-107.93605704697376,-121.37549751659385,15.5926850053958,-4.280039900119251,3.643001159311972,0.0,64.23052204185332,-144.25952976498144,1.3409421704058588,53.37348567203293,4.310068441719421,0.0,273.8404452690167,False,,,
r100_d400_t0,1,28,4,5e-09,"(8, 16)","(2, 4)",1.5233356605691057,312.28381041666665,100,400,5,0.4,38.0,0.926829268292683,2.486769605193054,mc_uas_2,-70.67455502175989,-92.00116353331057,17.176922571709127,-6.251144723187854,-4.857483343741923,0.0,18.189815847713938,-151.39898751544936,7.1797475508488375,24.218679485874468,74.175022872618,0.0,273.8404452690167,True,1.495176449666823,1.4331235814537706,1.398987515449347
r100_d400_t0,1,28,4,5e-09,"(8, 16)","(2, 4)",1.5233356605691057,312.28381041666665,100,400,5,0.4,38.0,0.926829268292683,2.486769605193054,mc_uas_3,-125.295161147555,-59.887672379275216,13.003564307368709,-0.9525900078060758,-8.559824911143098,0.0,73.43190791681286,160.81386495030182,-1.9118041259950456,20.840231192311794,-inf,0.0,273.8404452690167,False,,,
r100_d400_t0,1,28,4,5e-09,"(8, 16)","(2, 4)",1.5233356605691057,312.28381041666665,100,400,5,0.4,38.0,0.926829268292683,2.486769605193054,mc_uas_4,-107.16070775580648,-86.92836465591884,15.687717599091664,-1.409179130533591,5.850928166134772,0.0,51.55912595380268,-176.72404723600053,1.065979095068966,36.85931556218402,60.65301786906027,0.0,273.8404452690167,True,3.18315779109138,1.289049155022191,3.2759527639994492
r100_d400_t0,1,28,4,5e-08,"(8, 16)","(2, 4)",1.5233356605691057,312.28381041666665,100,400,5,0.4,39.0,0.9285714285714286,2.486769605193054,mc_uas_0,-146.75328080733266,-77.5551617751991,15.911339481728053,0.2193628620932205,1.2572127492620646,0.0,91.17366863029406,175.9379633016395,-0.12948219388829657,36.02535400465158,1.313062309371328,0.0,273.8404452690167,False,,,
r100_d400_t0,1,28,4,5e-08,"(8, 16)","(2, 4)",1.5233356605691057,312.28381041666665,100,400,5,0.4,39.0,0.9285714285714286,2.486769605193054,mc_uas_1,-107.93605704697376,-121.37549751659385,15.5926850053958,-4.280039900119251,3.643001159311972,0.0,64.23052204185332,-144.25952976498144,1.3409421704058588,53.37348567203293,4.310068441719421,0.0,273.8404452690167,False,,,
r100_d400_t0,1,28,4,5e-08,"(8, 16)","(2, 4)",1.5233356605691057,312.28381041666665,100,400,5,0.4,39.0,0.9285714285714286,2.486769605193054,mc_uas_2,-70.67455502175989,-92.00116353331057,17.176922571709127,-6.251144723187854,-4.857483343741923,0.0,18.189815847713938,-151.39898751544936,7.1797475508488375,24.218679485874468,74.175022872618,0.0,273.8404452690167,True,1.495176449666823,1.4331235814537706,1.398987515449347
r100_d400_t0,1,28,4,5e-08,"(8, 16)","(2, 4)",1.5233356605691057,312.28381041666665,100,400,5,0.4,39.0,0.9285714285714286,2.486769605193054,mc_uas_3,-125.295161147555,-59.887672379275216,13.003564307368709,-0.9525900078060758,-8.559824911143098,0.0,73.43190791681286,160.81386495030182,-1.9118041259950456,20.840231192311794,-inf,0.0,273.8404452690167,False,,,
r100_d400_t0,1,28,4,5e-08,"(8, 16)","(2, 4)",1.5233356605691057,312.28381041666665,100,400,5,0.4,39.0,0.9285714285714286,2.486769605193054,mc_uas_4,-107.16070775580648,-86.92836465591884,15.687717599091664,-1.409179130533591,5.850928166134772,0.0,51.55912595380268,-176.72404723600053,1.065979095068966,36.85931556218402,60.65301786906027,0.0,273.8404452690167,True,3.18315779109138,1.289049155022191,3.2759527639994492
r100_d400_t0,1,28,4,5e-07,"(8, 16)","(2, 4)",1.5233356605691057,312.28381041666665,100,400,5,0.4,39.0,0.9285714285714286,2.486769605193054,mc_uas_0,-146.75328080733266,-77.5551617751991,15.911339481728053,0.2193628620932205,1.2572127492620646,0.0,91.17366863029406,175.9379633016395,-0.12948219388829657,36.02535400465158,1.313062309371328,0.0,273.8404452690167,False,,,
r100_d400_t0,1,28,4,5e-07,"(8, 16)","(2, 4)",1.5233356605691057,312.28381041666665,100,400,5,0.4,39.0,0.9285714285714286,2.486769605193054,mc_uas_1,-107.93605704697376,-121.37549751659385,15.5926850053958,-4.280039900119251,3.643001159311972,0.0,64.23052204185332,-144.25952976498144,1.3409421704058588,53.37348567203293,4.310068441719421,0.0,273.8404452690167,False,,,
r100_d400_t0,1,28,4,5e-07,"(8, 16)","(2, 4)",1.5233356605691057,312.28381041666665,100,400,5,0.4,39.0,0.9285714285714286,2.486769605193054,mc_uas_2,-70.67455502175989,-92.00116353331057,17.176922571709127,-6.251144723187854,-4.857483343741923,0.0,18.189815847713938,-151.39898751544936,7.1797475508488375,24.218679485874468,74.175022872618,0.0,273.8404452690167,True,1.495176449666823,1.4331235814537706,1.398987515449347
r100_d400_t0,1,28,4,5e-07,"(8, 16)","(2, 4)",1.5233356605691057,312.28381041666665,100,400,5,0.4,39.0,0.9285714285714286,2.486769605193054,mc_uas_3,-125.295161147555,-59.887672379275216,13.003564307368709,-0.9525900078060758,-8.559824911143098,0.0,73.43190791681286,160.81386495030182,-1.9118041259950456,20.840231192311794,-inf,0.0,273.8404452690167,False,,,
r100_d400_t0,1,28,4,5e-07,"(8, 16)","(2, 4)",1.5233356605691057,312.28381041666665,100,400,5,0.4,39.0,0.9285714285714286,2.486769605193054,mc_uas_4,-107.16070775580648,-86.92836465591884,15.687717599091664,-1.409179130533591,5.850928166134772,0.0,51.55912595380268,-176.72404723600053,1.065979095068966,36.85931556218402,60.65301786906027,0.0,273.8404452690167,True,3.18315779109138,1.289049155022191,3.2759527639994492
r200_d400_t0,2,28,4,5e-09,"(8, 16)","(2, 4)",1.5233356605691057,312.28381041666665,200,400,14,0.0,34.0,1.0,,mc_uas_0,-107.47701438170384,-116.09790058039013,14.05159165426036,1.1258611517098376,2.0794314448183853,0.0,60.79945416083622,-148.05487208269037,-2.0510275330434213,11.423623942960424,3.302922826692847,0.03650279471544715,0.0,False,,,
r200_d400_t0,2,28,4,5e-09,"(8, 16)","(2, 4)",1.5233356605691057,312.28381041666665,200,400,14,0.0,34.0,1.0,,mc_uas_1,-180.5557668886994,-176.14896820578315,17.676979826868184,1.6919154895884658,5.574579559844709,0.0,155.12739095944534,-143.50518757882548,-4.669901179003814,24.398859779083928,-0.07801717640891216,0.0,273.8404452690167,False,,,
r200_d400_t0,2,28,4,5e-09,"(8, 16)","(2, 4)",1.5233356605691057,312.28381041666665,200,400,14,0.0,34.0,1.0,,mc_uas_2,-123.9972882705126,-137.81040925537087,16.826926528427002,5.195614264143227,-1.695678418706887,0.0,86.98159737667638,-141.6432784607102,-3.012620359803621,40.16244750342806,3.5829347242067007,0.0,273.8404452690167,False,,,
r200_d400_t0,2,28,4,5e-09,"(8, 16)","(2, 4)",1.5233356605691057,312.28381041666665,200,400,14,0.0,34.0,1.0,,mc_uas_3,-116.5138489529389,-132.41342516173998,10.892779241219191,0.2644409486990866,8.63503871585589,0.0,77.50214645907592,-141.33883735606418,-5.600543470038755,39.95300408277288,1.4439508180811378,0.0,273.8404452690167,False,,,
r200_d400_t0,2,28,4,5e-09,"(8, 16)","(2, 4)",1.5233356605691057,312.28381041666665,200,400,14,0.0,34.0,1.0,,mc_uas_4,-166.13580278163852,-42.63495183262915,9.176256028784797,-7.391353498120794,5.413505427558301,0.0,117.65050283944815,159.41471487474482,8.822593519554795,16.374440694243013,-inf,0.001206808943089431,273.8404452690167,False,,,
r200_d400_t0,2,28,4,5e-09,"(8, 16)","(2, 4)",1.5233356605691057,312.28381041666665,200,400,14,0.0,34.0,1.0,,mc_uas_5,-232.32918229620043,-16.49579553540383,17.43910766427087,-2.373738548936157,4.660702124122185,0.0,188.95538751907898,159.0516255366859,3.8801559250602167,14.860215883377874,7.051637012601794,0.0051305259146341466,273.8404452690167,False,,,
r200_d400_t0,2,28,4,5e-09,"(8, 16)","(2, 4)",1.5233356605691057,312.28381041666665,200,400,14,0.0,34.0,1.0,,mc_uas_6,-118.11080732004044,-65.90410153223819,13.884908036900939,-3.50951826534406,9.363487545594305,0.0,64.80977115958605,163.75659039866926,5.9777981894150045,15.559376599628829,-0.1966953502032181,0.002421557418699187,273.8404452690167,False,,,
r200_d400_t0,2,28,4,5e-09,"(8, 16)","(2, 4)",1.5233356605691057,312.28381041666665,200,400,14,0.0,34.0,1.0,,mc_uas_7,-227.7070830590605,-17.017053910971157,10.41250209907426,-5.377806401363756,-5.043489636990162,0.0,184.31008544677795,158.68923962887618,3.177143858188488,9.844527148658882,-0.23806838072274678,0.06179179369918699,0.0,False,,,
r200_d400_t0,2,28,4,5e-09,"(8, 16)","(2, 4)",1.5233356605691057,312.28381041666665,200,400,14,0.0,34.0,1.0,,mc_uas_8,-196.05017966869514,-47.93149191918501,17.51713920819536,5.469812601691013,4.188398804028601,0.0,144.81539104074884,165.55789141002396,-4.246640754773725,-inf,2.708867540266182,0.5,0.0,False,,,
r200_d400_t0,2,28,4,5e-09,"(8, 16)","(2, 4)",1.5233356605691057,312.28381041666665,200,400,14,0.0,34.0,1.0,,mc_uas_9,-109.44296396215498,-118.28527615127423,13.179476822201348,5.366964380952419,-0.09957928332167075,0.0,63.574677590155694,-147.3186017460191,-4.457944444434987,33.183974780139216,2.3667990855794336,0.0,273.8404452690167,False,,,
r200_d400_t0,2,28,4,5e-09,"(8, 16)","(2, 4)",1.5233356605691057,312.28381041666665,200,400,14,0.0,34.0,1.0,,mc_uas_10,-126.71818163873387,-127.28083088347348,15.892536438715759,1.847731678121989,5.319674842659392,0.0,83.12047594867573,-148.53259929003676,-4.34198875227967,6.495377059963186,4.497346407732719,0.1437134781504065,0.0,False,,,
r200_d400_t0,2,28,4,5e-09,"(8, 16)","(2, 4)",1.5233356605691057,312.28381041666665,200,400,14,0.0,34.0,1.0,,mc_uas_11,-109.28266186071016,-69.65189669471137,11.67908996327307,-0.2531354439496285,0.4607772954178541,0.0,55.20624481457489,164.9287332923341,0.36407132142067694,37.96874604248908,0.37281238873329725,0.0,273.8404452690167,False,,,
r200_d400_t0,2,28,4,5e-09,"(8, 16)","(2, 4)",1.5233356605691057,312.28381041666665,200,400,14,0.0,34.0,1.0,,mc_uas_12,-95.4090170384548,-95.79667204209196,8.557047100221338,7.365728698233369,1.157774236265267,0.0,41.16204815454249,-163.33548576918483,-7.383840803844407,68.32550668594519,5.320687661561423,0.0,273.8404452690167,False,,,
r200_d400_t0,2,28,4,5e-09,"(8, 16)","(2, 4)",1.5233356605691057,312.28381041666665,200,400,14,0.0,34.0,1.0,,mc_uas_13,-151.16811452390112,-57.87954124321956,16.47190669433283,-0.26829025409830354,-0.4056943522476368,0.0,98.89961559055313,164.65217110642007,0.15101934363188155,6.758320157763685,-inf,0.14485041920731706,0.0,False,,,
r200_d400_t0,2,28,4,5e-08,"(8, 16)","(2, 4)",1.5233356605691057,312.28381041666665,200,400,14,0.0,34.0,1.0,,mc_uas_0,-107.47701438170384,-116.09790058039013,14.05159165426036,1.1258611517098376,2.0794314448183853,0.0,60.79945416083622,-148.05487208269037,-2.0510275330434213,11.423623942960424,3.302922826692847,0.03650279471544715,0.0,False,,,
r200_d400_t0,2,28,4,5e-08,"(8, 16)","(2, 4)",1.5233356605691057,312.28381041666665,200,400,14,0.0,34.0,1.0,,mc_uas_1,-180.5557668886994,-176.14896820578315,17.676979826868184,1.6919154895884658,5.574579559844709,0.0,155.12739095944534,-143.50518757882548,-4.669901179003814,24.398859779083928,-0.07801717640891216,0.0,273.8404452690167,False,,,
r200_d400_t0,2,28,4,5e-08,"(8, 16)","(2, 4)",1.5233356605691057,312.28381041666665,200,400,14,0.0,34.0,1.0,,mc_uas_2,-123.9972882705126,-137.81040925537087,16.826926528427002,5.195614264143227,-1.695678418706887,0.0,86.98159737667638,-141.6432784607102,-3.012620359803621,40.16244750342806,3.5829347242067007,0.0,273.8404452690167,False,,,
r200_d400_t0,2,28,4,5e-08,"(8, 16)","(2, 4)",1.5233356605691057,312.28381041666665,200,400,14,0.0,34.0,1.0,,mc_uas_3,-116.5138489529389,-132.41342516173998,10.892779241219191,0.2644409486990866,8.63503871585589,0.0,77.50214645907592,-141.33883735606418,-5.600543470038755,39.95300408277288,1.4439508180811378,0.0,273.8404452690167,False,,,
r200_d400_t0,2,28,4,5e-08,"(8, 16)","(2, 4)",1.5233356605691057,312.28381041666665,200,400,14,0.0,34.0,1.0,,mc_uas_4,-166.13580278163852,-42.63495183262915,9.176256028784797,-7.391353498120794,5.413505427558301,0.0,117.65050283944815,159.41471487474482,8.822593519554795,16.374440694243013,-inf,0.001206808943089431,273.8404452690167,False,,,
r200_d400_t0,2,28,4,5e-08,"(8, 16)","(2, 4)",1.5233356605691057,312.28381041666665,200,400,14,0.0,34.0,1.0,,mc_uas_5,-232.32918229620043,-16.49579553540383,17.43910766427087,-2.373738548936157,4.660702124122185,0.0,188.95538751907898,159.0516255366859,3.8801559250602167,14.860215883377874,7.051637012601794,0.0051305259146341466,273.8404452690167,False,,,
r200_d400_t0,2,28,4,5e-08,"(8, 16)","(2, 4)",1.5233356605691057,312.28381041666665,200,400,14,0.0,34.0,1.0,,mc_uas_6,-118.11080732004044,-65.90410153223819,13.884908036900939,-3.50951826534406,9.363487545594305,0.0,64.80977115958605,163.75659039866926,5.9777981894150045,15.559376599628829,-0.1966953502032181,0.002421557418699187,273.8404452690167,False,,,
r200_d400_t0,2,28,4,5e-08,"(8, 16)","(2, 4)",1.5233356605691057,312.28381041666665,200,400,14,0.0,34.0,1.0,,mc_uas_7,-227.7070830590605,-17.017053910971157,10.41250209907426,-5.377806401363756,-5.043489636990162,0.0,184.31008544677795,158.68923962887618,3.177143858188488,9.844527148658882,-0.23806838072274678,0.06179179369918699,0.0,False,,,
r200_d400_t0,2,28,4,5e-08,"(8, 16)","(2, 4)",1.5233356605691057,312.28381041666665,200,400,14,0.0,34.0,1.0,,mc_uas_8,-196.05017966869514,-47.93149191918501,17.51713920819536,5.469812601691013,4.188398804028601,0.0,144.81539104074884,165.55789141002396,-4.246640754773725,-inf,2.708867540266182,0.5,0.0,False,,,
r200_d400_t0,2,28,4,5e-08,"(8, 16)","(2, 4)",1.5233356605691057,312.28381041666665,200,400,14,0.0,34.0,1.0,,mc_uas_9,-109.44296396215498,-118.28527615127423,13.179476822201348,5.366964380952419,-0.09957928332167075,0.0,63.574677590155694,-147.3186017460191,-4.457944444434987,33.183974780139216,2.3667990855794336,0.0,273.8404452690167,False,,,
r200_d400_t0,2,28,4,5e-08,"(8, 16)","(2, 4)",1.5233356605691057,312.28381041666665,200,400,14,0.0,34.0,1.0,,mc_uas_10,-126.71818163873387,-127.28083088347348,15.892536438715759,1.847731678121989,5.319674842659392,0.0,83.12047594867573,-148.53259929003676,-4.34198875227967,6.495377059963186,4.497346407732719,0.1437134781504065,0.0,False,,,
r200_d400_t0,2,28,4,5e-08,"(8, 16)","(2, 4)",1.5233356605691057,312.28381041666665,200,400,14,0.0,34.0,1.0,,mc_uas_11,-109.28266186071016,-69.65189669471137,11.67908996327307,-0.2531354439496285,0.4607772954178541,0.0,55.20624481457489,164.9287332923341,0.36407132142067694,37.96874604248908,0.37281238873329725,0.0,273.8404452690167,False,,,
r200_d400_t0,2,28,4,5e-08,"(8, 16)","(2, 4)",1.5233356605691057,312.28381041666665,200,400,14,0.0,34.0,1.0,,mc_uas_12,-95.4090170384548,-95.79667204209196,8.557047100221338,7.365728698233369,1.157774236265267,0.0,41.16204815454249,-163.33548576918483,-7.383840803844407,68.32550668594519,5.320687661561423,0.0,273.8404452690167,False,,,
r200_d400_t0,2,28,4,5e-08,"(8, 16)","(2, 4)",1.5233356605691057,312.28381041666665,200,400,14,0.0,34.0,1.0,,mc_uas_13,-151.16811452390112,-57.87954124321956,16.47190669433283,-0.26829025409830354,-0.4056943522476368,0.0,98.89961559055313,164.65217110642007,0.15101934363188155,6.758320157763685,-inf,0.14485041920731706,0.0,False,,,
r200_d400_t0,2,28,4,5e-07,"(8, 16)","(2, 4)",1.5233356605691057,312.28381041666665,200,400,14,0.0,39.0,1.0,,mc_uas_0,-107.47701438170384,-116.09790058039013,14.05159165426036,1.1258611517098376,2.0794314448183853,0.0,60.79945416083622,-148.05487208269037,-2.0510275330434213,11.423623942960424,3.302922826692847,0.03650279471544715,0.0,False,,,
r200_d400_t0,2,28,4,5e-07,"(8, 16)","(2, 4)",1.5233356605691057,312.28381041666665,200,400,14,0.0,39.0,1.0,,mc_uas_1,-180.5557668886994,-176.14896820578315,17.676979826868184,1.6919154895884658,5.574579559844709,0.0,155.12739095944534,-143.50518757882548,-4.669901179003814,24.398859779083928,-0.07801717640891216,0.0,273.8404452690167,False,,,
r200_d400_t0,2,28,4,5e-07,"(8, 16)","(2, 4)",1.5233356605691057,312.28381041666665,200,400,14,0.0,39.0,1.0,,mc_uas_2,-123.9972882705126,-137.81040925537087,16.826926528427002,5.195614264143227,-1.695678418706887,0.0,86.98159737667638,-141.6432784607102,-3.012620359803621,40.16244750342806,3.5829347242067007,0.0,273.8404452690167,False,,,
r200_d400_t0,2,28,4,5e-07,"(8, 16)","(2, 4)",1.5233356605691057,312.28381041666665,200,400,14,0.0,39.0,1.0,,mc_uas_3,-116.5138489529389,-132.41342516173998,10.892779241219191,0.2644409486990866,8.63503871585589,0.0,77.50214645907592,-141.33883735606418,-5.600543470038755,39.95300408277288,1.4439508180811378,0.0,273.8404452690167,False,,,
r200_d400_t0,2,28,4,5e-07,"(8, 16)","(2, 4)",1.5233356605691057,312.28381041666665,200,400,14,0.0,39.0,1.0,,mc_uas_4,-166.13580278163852,-42.63495183262915,9.176256028784797,-7.391353498120794,5.413505427558301,0.0,117.65050283944815,159.41471487474482,8.822593519554795,16.374440694243013,-inf,0.001206808943089431,273.8404452690167,False,,,
r200_d400_t0,2,28,4,5e-07,"(8, 16)","(2, 4)",1.5233356605691057,312.28381041666665,200,400,14,0.0,39.0,1.0,,mc_uas_5,-232.32918229620043,-16.49579553540383,17.43910766427087,-2.373738548936157,4.660702124122185,0.0,188.95538751907898,159.0516255366859,3.8801559250602167,14.860215883377874,7.051637012601794,0.0051305259146341466,273.8404452690167,False,,,
r200_d400_t0,2,28,4,5e-07,"(8, 16)","(2, 4)",1.5233356605691057,312.28381041666665,200,400,14,0.0,39.0,1.0,,mc_uas_6,-118.11080732004044,-65.90410153223819,13.884908036900939,-3.50951826534406,9.363487545594305,0.0,64.80977115958605,163.75659039866926,5.9777981894150045,15.559376599628829,-0.1966953502032181,0.002421557418699187,273.8404452690167,False,,,
r200_d400_t0,2,28,4,5e-07,"(8, 16)","(2, 4)",1.5233356605691057,312.28381041666665,200,400,14,0.0,39.0,1.0,,mc_uas_7,-227.7070830590605,-17.017053910971157,10.41250209907426,-5.377806401363756,-5.043489636990162,0.0,184.31008544677795,158.68923962887618,3.177143858188488,9.844527148658882,-0.23806838072274678,0.06179179369918699,0.0,False,,,
r200_d400_t0,2,28,4,5e-07,"(8, 16)","(2, 4)",1.5233356605691057,312.28381041666665,200,400,14,0.0,39.0,1.0,,mc_uas_8,-196.05017966869514,-47.93149191918501,17.51713920819536,5.469812601691013,4.188398804028601,0.0,144.81539104074884,165.55789141002396,-4.246640754773725,-inf,2.708867540266182,0.5,0.0,False,,,
r200_d400_t0,2,28,4,5e-07,"(8, 16)","(2, 4)",1.5233356605691057,312.28381041666665,200,400,14,0.0,39.0,1.0,,mc_uas_9,-109.44296396215498,-118.28527615127423,13.179476822201348,5.366964380952419,-0.09957928332167075,0.0,63.574677590155694,-147.3186017460191,-4.457944444434987,33.183974780139216,2.3667990855794336,0.0,273.8404452690167,False,,,
r200_d400_t0,2,28,4,5e-07,"(8, 16)","(2, 4)",1.5233356605691057,312.28381041666665,200,400,14,0.0,39.0,1.0,,mc_uas_10,-126.71818163873387,-127.28083088347348,15.892536438715759,1.847731678121989,5.319674842659392,0.0,83.12047594867573,-148.53259929003676,-4.34198875227967,6.495377059963186,4.497346407732719,0.1437134781504065,0.0,False,,,
r200_d400_t0,2,28,4,5e-07,"(8, 16)","(2, 4)",1.5233356605691057,312.28381041666665,200,400,14,0.0,39.0,1.0,,mc_uas_11,-109.28266186071016,-69.65189669471137,11.67908996327307,-0.2531354439496285,0.4607772954178541,0.0,55.20624481457489,164.9287332923341,0.36407132142067694,37.96874604248908,0.37281238873329725,0.0,273.8404452690167,False,,,
r200_d400_t0,2,28,4,5e-07,"(8, 16)","(2, 4)",1.5233356605691057,312.28381041666665,200,400,14,0.0,39.0,1.0,,mc_uas_12,-95.4090170384548,-95.79667204209196,8.557047100221338,7.365728698233369,1.157774236265267,0.0,41.16204815454249,-163.33548576918483,-7.383840803844407,68.32550668594519,5.320687661561423,0.0,273.8404452690167,False,,,
r200_d400_t0,2,28,4,5e-07,"(8, 16)","(2, 4)",1.5233356605691057,312.28381041666665,200,400,14,0.0,39.0,1.0,,mc_uas_13,-151.16811452390112,-57.87954124321956,16.47190669433283,-0.26829025409830354,-0.4056943522476368,0.0,98.89961559055313,164.65217110642007,0.15101934363188155,6.758320157763685,-inf,0.14485041920731706,0.0,False,,,
